step,p0_N,p0_E,p0_D,p1_N,p1_E,p1_D,t0_N,t0_E,t0_D
0,302,-1039,2991,267,1160,2991,-1498,-200,2991
1,265,-1021,2991,234,1134,2990,-1532,-206,2990
2,227,-1003,2991,201,1107,2988,-1567,-212,2990
3,189,-985,2990,168,1081,2986,-1601,-218,2990
4,151,-967,2990,134,1054,2984,-1636,-224,2990
5,112,-948,2990,99,1028,2982,-1671,-230,2991
6,73,-930,2989,64,1002,2979,-1706,-236,2991
7,35,-911,2989,28,977,2976,-1741,-242,2992
8,-5,-893,2989,-9,953,2972,-1776,-248,2992
9,-44,-874,2988,-46,930,2968,-1812,-254,2993
10,-84,-855,2988,-85,908,2963,-1847,-260,2994
11,-124,-836,2987,-124,887,2958,-1882,-266,2995
12,-164,-816,2987,-164,866,2952,-1918,-272,2996
13,-204,-797,2987,-204,847,2945,-1954,-278,2998
14,-245,-778,2986,-244,828,2938,-1989,-284,2999
15,-286,-758,2986,-285,810,2931,-2025,-290,3000
16,-327,-738,2986,-326,793,2923,-2061,-297,3002
17,-368,-719,2985,-367,777,2914,-2097,-303,3003
18,-410,-699,2985,-409,761,2905,-2133,-309,3004
19,-452,-679,2985,-450,745,2895,-2169,-315,3006
20,-494,-659,2985,-492,730,2885,-2206,-321,3007
21,-536,-638,2984,-535,716,2874,-2242,-328,3008
22,-578,-618,2984,-577,702,2863,-2278,-334,3009
23,-621,-598,2984,-619,688,2852,-2315,-340,3009
24,-664,-577,2984,-662,674,2840,-2352,-346,3010
25,-707,-557,2984,-705,660,2828,-2389,-353,3010
26,-750,-536,2984,-748,646,2815,-2425,-359,3010
27,-794,-515,2984,-791,632,2802,-2462,-365,3010
28,-838,-494,2985,-834,619,2789,-2499,-372,3010
29,-881,-473,2985,-878,605,2775,-2537,-378,3010
30,-925,-452,2985,-921,591,2761,-2574,-384,3009
31,-970,-431,2986,-965,577,2747,-2611,-391,3008
32,-1014,-410,2986,-1009,562,2733,-2649,-397,3007
33,-1059,-389,2986,-1052,547,2719,-2686,-404,3006
34,-1103,-367,2987,-1096,533,2704,-2724,-410,3005
35,-1148,-346,2987,-1140,517,2689,-2762,-417,3003
36,-1194,-324,2988,-1183,502,2675,-2800,-423,3001
37,-1239,-303,2989,-1227,486,2659,-2838,-430,2999
38,-1284,-281,2989,-1271,470,2644,-2876,-436,2997
39,-1330,-259,2990,-1314,453,2629,-2915,-443,2995
40,-1376,-237,2991,-1358,436,2613,-2953,-449,2993
41,-1422,-216,2992,-1401,419,2598,-2992,-456,2991
42,-1468,-194,2993,-1445,401,2582,-3030,-463,2989
43,-1514,-171,2993,-1488,383,2566,-3069,-469,2987
44,-1560,-149,2994,-1531,364,2550,-3108,-476,2986
45,-1607,-127,2995,-1574,344,2534,-3147,-483,2985
46,-1653,-105,2996,-1617,324,2518,-3186,-489,2984
47,-1700,-83,2997,-1660,304,2502,-3225,-496,2983
48,-1747,-60,2998,-1703,282,2485,-3264,-503,2983
49,-1794,-38,2999,-1745,261,2469,-3304,-509,2983
50,-1841,-15,3001,-1788,238,2452,-3343,-516,2984
51,-1889,7,3002,-1830,215,2436,-3382,-523,2985
52,-1936,30,3003,-1872,192,2419,-3422,-530,2986
53,-1984,53,3004,-1913,168,2402,-3461,-536,2988
54,-2032,76,3005,-1954,143,2386,-3501,-543,2989
55,-2080,98,3007,-1996,117,2369,-3540,-550,2992
56,-2128,121,3008,-2037,91,2352,-3580,-557,2994
57,-2176,144,3009,-2077,65,2335,-3619,-564,2997
58,-2224,167,3011,-2118,37,2318,-3659,-570,3000
59,-2272,190,3012,-2158,9,2301,-3699,-577,3003
60,-2321,213,3014,-2197,-19,2284,-3738,-584,3006
61,-2370,237,3015,-2237,-49,2267,-3778,-591,3008
62,-2418,260,3017,-2276,-78,2250,-3818,-598,3011
63,-2467,283,3019,-2314,-109,2233,-3858,-605,3014
64,-2516,306,3020,-2353,-140,2216,-3898,-611,3016
65,-2565,330,3022,-2391,-172,2199,-3938,-618,3018
66,-2614,353,3024,-2428,-204,2182,-3979,-625,3020
67,-2664,377,3025,-2465,-237,2165,-4019,-632,3021
68,-2713,400,3027,-2502,-271,2147,-4059,-639,3022
69,-2763,424,3029,-2538,-305,2130,-4100,-646,3022
70,-2812,448,3031,-2574,-340,2113,-4140,-653,3022
71,-2862,471,3033,-2609,-376,2096,-4181,-660,3021
72,-2912,495,3035,-2645,-411,2078,-4222,-667,3020
73,-2962,519,3036,-2679,-448,2061,-4262,-674,3018
74,-3012,543,3038,-2713,-485,2044,-4303,-681,3016
75,-3062,566,3040,-2746,-523,2027,-4344,-688,3013
76,-3112,590,3042,-2779,-562,2009,-4386,-695,3010
77,-3163,614,3044,-2812,-601,1992,-4427,-702,3006
78,-3213,638,3046,-2843,-640,1975,-4468,-709,3002
79,-3264,662,3048,-2875,-681,1957,-4510,-716,2998
80,-3314,687,3050,-2905,-721,1940,-4551,-724,2994
81,-3365,711,3052,-2935,-763,1923,-4593,-731,2990
82,-3416,735,3054,-2965,-805,1905,-4635,-738,2985
83,-3467,759,3057,-2994,-847,1888,-4677,-745,2981
84,-3518,783,3059,-3022,-890,1871,-4719,-753,2977
85,-3569,808,3061,-3049,-933,1853,-4762,-760,2974
86,-3620,832,3063,-3076,-978,1836,-4804,-767,2971
87,-3672,857,3065,-3102,-1022,1819,-4846,-774,2968
88,-3723,881,3067,-3128,-1067,1801,-4889,-782,2966
89,-3775,906,3070,-3153,-1112,1784,-4932,-789,2965
90,-3826,930,3072,-3177,-1158,1767,-4974,-796,2965
91,-3878,955,3074,-3200,-1205,1750,-5017,-804,2965
92,-3930,979,3076,-3223,-1252,1732,-5060,-811,2966
93,-3982,1004,3079,-3245,-1299,1715,-5103,-818,2968
94,-4033,1029,3081,-3266,-1347,1698,-5145,-826,2970
95,-4085,1053,3084,-3287,-1395,1681,-5188,-833,2974
96,-4138,1078,3086,-3307,-1443,1663,-5231,-840,2978
97,-4190,1103,3088,-3326,-1492,1646,-5274,-848,2982
98,-4242,1128,3091,-3345,-1541,1629,-5317,-855,2988
99,-4294,1152,3093,-3362,-1591,1611,-5360,-862,2993
100,-4346,1177,3096,-3379,-1641,1594,-5403,-870,2999
101,-4399,1202,3098,-3395,-1692,1577,-5446,-877,3006
102,-4451,1227,3101,-3409,-1743,1560,-5489,-885,3012
103,-4504,1252,3104,-3422,-1794,1544,-5532,-892,3019
104,-4557,1277,3106,-3435,-1846,1529,-5575,-899,3025
105,-4609,1302,3108,-3447,-1898,1515,-5618,-907,3031
106,-4662,1327,3111,-3459,-1950,1503,-5661,-914,3036
107,-4715,1352,3114,-3471,-2002,1491,-5704,-922,3041
108,-4768,1377,3117,-3484,-2054,1481,-5747,-929,3045
109,-4820,1402,3119,-3498,-2106,1472,-5790,-936,3048
110,-4873,1427,3122,-3513,-2158,1462,-5833,-944,3050
111,-4926,1452,3124,-3529,-2209,1454,-5876,-951,3051
112,-4979,1478,3127,-3545,-2261,1445,-5919,-959,3051
113,-5033,1503,3129,-3561,-2312,1436,-5963,-966,3050
114,-5086,1528,3132,-3577,-2364,1428,-6006,-974,3049
115,-5139,1553,3135,-3594,-2415,1419,-6049,-981,3046
116,-5193,1578,3138,-3612,-2466,1410,-6093,-988,3042
117,-5246,1602,3142,-3632,-2517,1401,-6136,-996,3037
118,-5300,1627,3146,-3653,-2567,1391,-6180,-1003,3032
119,-5353,1652,3150,-3675,-2618,1382,-6223,-1011,3025
120,-5406,1676,3154,-3698,-2669,1373,-6267,-1019,3017
121,-5460,1701,3158,-3721,-2719,1363,-6311,-1026,3009
122,-5513,1725,3163,-3745,-2770,1354,-6355,-1034,3000
123,-5567,1749,3167,-3769,-2821,1346,-6399,-1041,2991
124,-5620,1774,3171,-3793,-2872,1338,-6443,-1049,2982
125,-5674,1798,3175,-3817,-2923,1331,-6488,-1057,2972
126,-5727,1822,3180,-3843,-2973,1324,-6532,-1064,2964
127,-5781,1846,3185,-3870,-3023,1318,-6577,-1072,2955
128,-5834,1870,3190,-3897,-3073,1311,-6622,-1080,2947
129,-5888,1895,3195,-3923,-3123,1305,-6667,-1088,2940
130,-5941,1919,3200,-3949,-3173,1298,-6712,-1095,2934
131,-5995,1944,3206,-3977,-3223,1291,-6757,-1103,2929
132,-6048,1968,3212,-4003,-3274,1284,-6802,-1111,2925
133,-6102,1992,3218,-4030,-3324,1276,-6847,-1119,2922
134,-6155,2017,3224,-4058,-3375,1268,-6892,-1126,2919
135,-6208,2041,3230,-4088,-3424,1260,-6937,-1134,2918
136,-6262,2065,3237,-4118,-3474,1252,-6983,-1142,2918
137,-6315,2090,3244,-4147,-3525,1244,-7028,-1150,2918
138,-6368,2114,3252,-4176,-3576,1235,-7073,-1158,2920
139,-6421,2139,3258,-4206,-3627,1226,-7118,-1165,2923
140,-6475,2163,3265,-4236,-3677,1216,-7164,-1173,2926
141,-6528,2187,3272,-4267,-3728,1207,-7209,-1181,2931
142,-6581,2211,3279,-4299,-3778,1198,-7254,-1189,2936
143,-6634,2235,3285,-4333,-3828,1188,-7299,-1196,2943
144,-6688,2258,3292,-4367,-3877,1179,-7344,-1204,2950
145,-6741,2281,3297,-4400,-3927,1170,-7390,-1212,2958
146,-6795,2305,3302,-4433,-3978,1160,-7435,-1220,2968
147,-6849,2328,3307,-4467,-4028,1150,-7480,-1227,2978
148,-6902,2352,3312,-4503,-4078,1139,-7525,-1235,2988
149,-6956,2377,3316,-4538,-4128,1129,-7569,-1243,3000
150,-7009,2401,3322,-4574,-4177,1119,-7614,-1250,3011
151,-7063,2425,3327,-4611,-4227,1108,-7659,-1258,3022
152,-7116,2449,3332,-4648,-4277,1098,-7704,-1266,3034
153,-7169,2474,3338,-4685,-4326,1088,-7749,-1274,3045
154,-7223,2499,3344,-4723,-4376,1078,-7794,-1281,3055
155,-7276,2523,3349,-4762,-4425,1068,-7838,-1289,3065
156,-7329,2548,3355,-4801,-4474,1059,-7883,-1297,3074
157,-7382,2574,3360,-4840,-4523,1050,-7927,-1304,3082
158,-7436,2599,3366,-4881,-4571,1042,-7972,-1312,3089
159,-7489,2624,3371,-4922,-4620,1035,-8017,-1320,3095
160,-7542,2650,3375,-4962,-4668,1027,-8061,-1327,3099
161,-7595,2675,3380,-5003,-4716,1020,-8106,-1335,3103
162,-7648,2701,3384,-5045,-4763,1013,-8150,-1343,3106
163,-7701,2726,3388,-5088,-4809,1005,-8195,-1350,3108
164,-7754,2751,3392,-5131,-4856,998,-8240,-1358,3109
165,-7807,2777,3396,-5174,-4902,991,-8284,-1366,3109
166,-7861,2801,3399,-5218,-4948,983,-8329,-1373,3108
167,-7914,2827,3402,-5262,-4994,975,-8373,-1381,3106
168,-7967,2852,3406,-5307,-5039,968,-8418,-1389,3102
169,-8020,2877,3410,-5352,-5085,961,-8463,-1397,3098
170,-8074,2901,3413,-5398,-5130,955,-8507,-1404,3093
171,-8128,2924,3417,-5443,-5175,950,-8552,-1412,3086
172,-8182,2947,3421,-5488,-5220,946,-8597,-1420,3079
173,-8236,2970,3426,-5534,-5265,943,-8642,-1428,3070
174,-8290,2992,3431,-5580,-5309,941,-8687,-1436,3061
175,-8344,3015,3436,-5626,-5353,939,-8732,-1443,3050
176,-8398,3037,3441,-5672,-5397,937,-8777,-1451,3038
177,-8452,3060,3446,-5718,-5440,934,-8823,-1459,3026
178,-8506,3083,3451,-5764,-5484,931,-8868,-1467,3012
179,-8561,3105,3455,-5810,-5527,928,-8914,-1475,2998
180,-8615,3128,3459,-5857,-5570,925,-8959,-1483,2983
181,-8669,3151,3462,-5903,-5613,922,-9005,-1491,2968
182,-8723,3175,3465,-5950,-5656,920,-9051,-1499,2954
183,-8777,3199,3468,-5997,-5698,917,-9098,-1507,2940
184,-8831,3221,3470,-6044,-5741,915,-9144,-1515,2927
185,-8885,3246,3472,-6091,-5783,913,-9191,-1523,2914
186,-8939,3270,3474,-6138,-5825,910,-9237,-1531,2903
187,-8992,3294,3476,-6186,-5866,908,-9284,-1539,2892
188,-9046,3318,3478,-6234,-5908,905,-9331,-1548,2882
189,-9100,3341,3480,-6282,-5948,903,-9378,-1556,2874
190,-9154,3364,3481,-6331,-5989,901,-9425,-1564,2866
191,-9208,3388,3483,-6379,-6030,900,-9472,-1572,2859
192,-9262,3411,3485,-6428,-6070,899,-9519,-1580,2853
193,-9316,3432,3486,-6476,-6111,897,-9566,-1588,2848
194,-9371,3454,3488,-6525,-6150,896,-9613,-1596,2844
195,-9425,3476,3490,-6576,-6188,895,-9660,-1604,2842
196,-9479,3499,3491,-6626,-6225,895,-9707,-1613,2840
197,-9533,3520,3493,-6677,-6263,894,-9754,-1621,2839
198,-9588,3541,3495,-6727,-6301,893,-9801,-1629,2839
199,-9642,3562,3497,-6778,-6339,892,-9849,-1637,2841
200,-9697,3581,3499,-6829,-6376,891,-9896,-1645,2843
201,-9751,3603,3500,-6880,-6414,891,-9943,-1653,2846
202,-9806,3622,3502,-6931,-6452,889,-9990,-1661,2850
203,-9861,3641,3504,-6982,-6490,888,-10037,-1669,2855
204,-9916,3659,3505,-7033,-6528,886,-10084,-1677,2862
205,-9972,3675,3507,-7085,-6565,884,-10130,-1685,2869
206,-10028,3690,3509,-7138,-6601,882,-10177,-1693,2878
207,-10083,3704,3511,-7192,-6635,881,-10224,-1701,2887
208,-10139,3717,3514,-7247,-6669,879,-10270,-1709,2897
209,-10195,3729,3516,-7302,-6701,878,-10317,-1717,2908
210,-10251,3740,3519,-7358,-6733,877,-10363,-1725,2920
211,-10306,3749,3521,-7415,-6763,876,-10410,-1733,2934
212,-10362,3758,3524,-7472,-6793,875,-10456,-1741,2948
213,-10418,3768,3528,-7530,-6821,874,-10502,-1749,2963
214,-10473,3776,3532,-7588,-6849,873,-10547,-1757,2979
215,-10529,3786,3536,-7646,-6877,873,-10593,-1765,2996
216,-10585,3793,3540,-7704,-6905,872,-10639,-1773,3013
217,-10641,3800,3543,-7762,-6934,872,-10684,-1780,3030
218,-10696,3809,3547,-7819,-6964,870,-10729,-1788,3047
219,-10752,3819,3550,-7876,-6995,868,-10774,-1796,3063
220,-10807,3829,3552,-7933,-7025,866,-10820,-1804,3079
221,-10863,3838,3554,-7992,-7053,864,-10865,-1811,3094
222,-10918,3848,3556,-8050,-7082,862,-10909,-1819,3107
223,-10974,3857,3558,-8108,-7111,860,-10954,-1827,3120
224,-11029,3866,3559,-8166,-7140,858,-10999,-1835,3132
225,-11085,3873,3561,-8224,-7169,856,-11044,-1842,3143
226,-11141,3880,3562,-8284,-7197,853,-11088,-1850,3153
227,-11196,3889,3564,-8343,-7223,851,-11133,-1858,3162
228,-11251,3898,3564,-8404,-7248,849,-11177,-1865,3170
229,-11306,3905,3565,-8464,-7272,847,-11221,-1873,3177
230,-11361,3911,3565,-8525,-7295,845,-11266,-1881,3183
231,-11416,3919,3566,-8587,-7317,843,-11310,-1888,3188
232,-11471,3928,3566,-8649,-7338,841,-11354,-1896,3192
233,-11526,3935,3566,-8712,-7358,840,-11398,-1904,3195
234,-11580,3941,3565,-8774,-7378,839,-11442,-1911,3197
235,-11635,3946,3565,-8837,-7398,838,-11486,-1919,3198
236,-11690,3952,3565,-8900,-7416,838,-11530,-1927,3198
237,-11745,3956,3566,-8963,-7434,837,-11575,-1934,3196
238,-11799,3962,3566,-9027,-7452,838,-11619,-1942,3194
239,-11853,3967,3567,-9090,-7469,838,-11663,-1950,3190
240,-11908,3971,3568,-9154,-7485,840,-11707,-1957,3186
241,-11962,3975,3568,-9218,-7500,841,-11751,-1965,3181
242,-12017,3980,3568,-9282,-7514,844,-11795,-1973,3174
243,-12072,3985,3568,-9346,-7529,846,-11840,-1981,3166
244,-12126,3990,3567,-9409,-7545,848,-11884,-1988,3158
245,-12181,3997,3565,-9472,-7560,849,-11929,-1996,3148
246,-12235,4005,3563,-9535,-7577,850,-11973,-2004,3137
247,-12290,4013,3560,-9598,-7592,851,-12018,-2012,3125
248,-12344,4022,3557,-9661,-7607,851,-12063,-2020,3113
249,-12399,4029,3553,-9725,-7621,852,-12107,-2028,3099
250,-12454,4035,3550,-9788,-7634,852,-12152,-2036,3084
251,-12508,4043,3546,-9851,-7650,852,-12197,-2044,3068
252,-12563,4051,3542,-9915,-7663,852,-12243,-2052,3051
253,-12617,4059,3537,-9978,-7677,852,-12288,-2060,3032
254,-12672,4064,3533,-10042,-7689,852,-12333,-2068,3013
255,-12726,4069,3528,-10106,-7700,853,-12379,-2076,2994
256,-12781,4075,3524,-10170,-7712,853,-12425,-2084,2974
257,-12836,4079,3520,-10234,-7723,853,-12471,-2092,2954
258,-12891,4083,3517,-10298,-7735,853,-12517,-2100,2934
259,-12946,4087,3514,-10363,-7746,854,-12564,-2109,2915
260,-13001,4090,3512,-10427,-7757,855,-12611,-2117,2896
261,-13056,4092,3509,-10491,-7767,857,-12658,-2125,2878
262,-13112,4094,3507,-10555,-7775,860,-12705,-2133,2861
263,-13167,4097,3505,-10619,-7786,863,-12752,-2141,2845
264,-13223,4101,3502,-10682,-7795,865,-12799,-2150,2829
265,-13278,4106,3499,-10746,-7805,867,-12847,-2158,2814
266,-13334,4111,3495,-10810,-7814,869,-12895,-2166,2801
267,-13390,4117,3490,-10873,-7824,871,-12942,-2175,2788
268,-13445,4121,3486,-10937,-7833,872,-12990,-2183,2776
269,-13501,4128,3481,-11001,-7841,873,-13038,-2191,2765
270,-13556,4131,3476,-11065,-7849,875,-13086,-2200,2755
271,-13612,4135,3471,-11129,-7858,877,-13134,-2208,2747
272,-13667,4138,3465,-11194,-7865,878,-13183,-2216,2739
273,-13723,4142,3460,-11259,-7871,880,-13231,-2225,2732
274,-13779,4144,3455,-11323,-7877,882,-13279,-2233,2726
275,-13835,4145,3450,-11388,-7881,884,-13328,-2241,2721
276,-13890,4145,3446,-11454,-7886,886,-13376,-2250,2717
277,-13946,4146,3442,-11519,-7892,889,-13424,-2258,2714
278,-14002,4146,3439,-11584,-7898,891,-13473,-2266,2712
279,-14058,4146,3436,-11649,-7904,892,-13521,-2275,2711
280,-14113,4147,3433,-11715,-7909,893,-13570,-2283,2711
281,-14169,4146,3429,-11781,-7912,895,-13618,-2292,2711
282,-14225,4145,3426,-11847,-7916,897,-13667,-2300,2713
283,-14281,4143,3423,-11912,-7920,898,-13715,-2308,2716
284,-14336,4141,3421,-11978,-7922,899,-13764,-2317,2719
285,-14392,4140,3418,-12045,-7925,901,-13812,-2325,2723
286,-14448,4137,3416,-12111,-7928,902,-13861,-2333,2728
287,-14505,4134,3413,-12177,-7930,904,-13910,-2342,2734
288,-14561,4132,3410,-12243,-7932,905,-13958,-2350,2741
289,-14617,4129,3408,-12310,-7935,906,-14007,-2358,2749
290,-14673,4126,3405,-12376,-7937,907,-14055,-2367,2758
291,-14729,4122,3403,-12443,-7940,908,-14103,-2375,2768
292,-14786,4120,3401,-12510,-7942,910,-14151,-2383,2779
293,-14842,4114,3399,-12577,-7943,912,-14200,-2392,2791
294,-14898,4109,3397,-12643,-7943,916,-14248,-2400,2803
295,-14954,4102,3395,-12710,-7943,920,-14296,-2408,2817
296,-15009,4094,3393,-12776,-7944,924,-14343,-2416,2832
297,-15065,4085,3391,-12843,-7944,927,-14391,-2424,2847
298,-15121,4074,3389,-12909,-7944,931,-14439,-2433,2864
299,-15176,4063,3388,-12975,-7944,934,-14486,-2441,2881
300,-15231,4051,3386,-13042,-7943,938,-14533,-2449,2899
301,-15286,4037,3385,-13108,-7942,941,-14580,-2457,2918
302,-15341,4023,3384,-13175,-7940,945,-14627,-2465,2938
303,-15396,4011,3383,-13241,-7938,949,-14674,-2473,2959
304,-15450,3997,3382,-13308,-7936,953,-14720,-2481,2981
305,-15505,3983,3382,-13374,-7933,957,-14767,-2489,3003
306,-15560,3968,3381,-13441,-7931,961,-14813,-2497,3025
307,-15614,3952,3381,-13507,-7928,966,-14859,-2505,3047
308,-15668,3938,3380,-13574,-7925,971,-14905,-2513,3069
309,-15721,3921,3379,-13640,-7922,977,-14951,-2521,3090
310,-15775,3904,3379,-13706,-7919,984,-14997,-2528,3111
311,-15829,3888,3379,-13772,-7916,991,-15042,-2536,3130
312,-15882,3872,3378,-13837,-7912,999,-15087,-2544,3149
313,-15935,3853,3378,-13903,-7909,1007,-15133,-2552,3167
314,-15987,3834,3378,-13968,-7905,1016,-15178,-2560,3184
315,-16039,3814,3378,-14033,-7900,1025,-15223,-2567,3200
316,-16091,3793,3378,-14098,-7894,1035,-15268,-2575,3214
317,-16143,3774,3378,-14163,-7889,1045,-15312,-2583,3228
318,-16195,3753,3377,-14228,-7883,1055,-15357,-2591,3241
319,-16246,3732,3378,-14293,-7876,1065,-15401,-2598,3253
320,-16298,3712,3378,-14358,-7870,1075,-15446,-2606,3264
321,-16349,3690,3378,-14422,-7863,1085,-15490,-2614,3273
322,-16399,3668,3378,-14487,-7856,1096,-15534,-2621,3282
323,-16451,3647,3378,-14552,-7849,1106,-15579,-2629,3290
324,-16501,3625,3378,-14617,-7842,1115,-15623,-2637,3296
325,-16552,3603,3378,-14681,-7836,1125,-15667,-2644,3302
326,-16602,3582,3378,-14746,-7829,1134,-15711,-2652,3307
327,-16653,3559,3377,-14811,-7822,1142,-15755,-2659,3310
328,-16703,3537,3376,-14876,-7816,1151,-15799,-2667,3312
329,-16754,3517,3374,-14940,-7809,1159,-15842,-2675,3314
330,-16805,3496,3372,-15005,-7803,1167,-15886,-2682,3314
331,-16856,3475,3370,-15070,-7796,1174,-15930,-2690,3313
332,-16906,3454,3368,-15134,-7790,1182,-15974,-2698,3311
333,-16956,3430,3366,-15199,-7783,1189,-16018,-2706,3308
334,-17006,3406,3363,-15264,-7776,1196,-16062,-2713,3304
335,-17054,3381,3361,-15328,-7770,1202,-16106,-2721,3299
336,-17104,3357,3359,-15393,-7763,1209,-16151,-2729,3293
337,-17153,3333,3358,-15458,-7756,1216,-16195,-2737,3285
338,-17202,3308,3356,-15523,-7749,1224,-16239,-2744,3277
339,-17251,3284,3354,-15587,-7742,1232,-16284,-2752,3268
340,-17300,3260,3351,-15651,-7735,1241,-16328,-2760,3257
341,-17350,3238,3348,-15715,-7727,1249,-16373,-2768,3246
342,-17399,3213,3345,-15779,-7719,1258,-16417,-2776,3233
343,-17448,3189,3341,-15843,-7712,1267,-16462,-2784,3219
344,-17497,3164,3338,-15907,-7704,1276,-16507,-2792,3204
345,-17545,3138,3334,-15970,-7696,1286,-16552,-2800,3189
346,-17594,3113,3331,-16034,-7689,1296,-16597,-2808,3172
347,-17642,3086,3328,-16097,-7682,1305,-16643,-2816,3154
348,-17690,3060,3324,-16160,-7674,1315,-16688,-2824,3135
349,-17739,3034,3320,-16223,-7667,1323,-16734,-2833,3115
350,-17787,3008,3316,-16286,-7660,1332,-16780,-2841,3094
351,-17836,2982,3312,-16349,-7651,1340,-16826,-2849,3071
352,-17884,2956,3308,-16412,-7643,1349,-16872,-2858,3048
353,-17932,2929,3303,-16474,-7634,1359,-16919,-2866,3024
354,-17980,2902,3299,-16537,-7624,1369,-16965,-2875,2999
355,-18028,2875,3294,-16599,-7612,1380,-17012,-2883,2974
356,-18075,2846,3290,-16661,-7602,1391,-17060,-2892,2949
357,-18122,2818,3286,-16722,-7590,1401,-17107,-2900,2924
358,-18169,2789,3282,-16784,-7577,1413,-17155,-2909,2899
359,-18216,2760,3278,-16845,-7564,1425,-17203,-2917,2875
360,-18263,2731,3274,-16907,-7550,1437,-17251,-2926,2852
361,-18310,2701,3269,-16968,-7537,1448,-17299,-2935,2830
362,-18358,2672,3265,-17029,-7524,1460,-17347,-2943,2809
363,-18404,2641,3261,-17091,-7510,1471,-17396,-2952,2789
364,-18451,2611,3256,-17152,-7498,1483,-17444,-2960,2769
365,-18497,2579,3252,-17213,-7485,1495,-17493,-2969,2750
366,-18543,2548,3248,-17275,-7472,1506,-17542,-2977,2733
367,-18590,2518,3245,-17336,-7459,1517,-17591,-2986,2716
368,-18636,2487,3241,-17397,-7446,1529,-17641,-2995,2700
369,-18682,2455,3238,-17458,-7433,1540,-17690,-3003,2685
370,-18727,2423,3234,-17519,-7420,1551,-17739,-3012,2671
371,-18772,2390,3232,-17580,-7407,1561,-17789,-3021,2658
372,-18817,2357,3229,-17641,-7394,1571,-17839,-3029,2646
373,-18862,2324,3227,-17702,-7380,1581,-17888,-3038,2634
374,-18907,2291,3225,-17763,-7367,1592,-17938,-3047,2624
375,-18951,2257,3223,-17824,-7354,1602,-17988,-3055,2615
376,-18996,2223,3221,-17885,-7341,1611,-18038,-3064,2606
377,-19041,2189,3219,-17946,-7327,1621,-18088,-3073,2599
378,-19086,2155,3216,-18007,-7314,1630,-18138,-3081,2593
379,-19130,2120,3214,-18068,-7301,1639,-18188,-3090,2588
380,-19175,2085,3212,-18129,-7288,1648,-18238,-3098,2583
381,-19219,2050,3210,-18190,-7275,1657,-18288,-3107,2580
382,-19264,2015,3208,-18251,-7262,1666,-18338,-3116,2578
383,-19308,1979,3206,-18312,-7248,1674,-18388,-3124,2577
384,-19352,1943,3204,-18373,-7236,1682,-18438,-3133,2577
385,-19395,1907,3203,-18434,-7223,1690,-18488,-3142,2577
386,-19439,1870,3202,-18495,-7210,1697,-18538,-3150,2579
387,-19483,1834,3201,-18556,-7197,1704,-18588,-3159,2581
388,-19526,1797,3201,-18617,-7183,1710,-18638,-3167,2585
389,-19570,1760,3201,-18678,-7170,1716,-18687,-3176,2589
390,-19613,1723,3201,-18740,-7156,1722,-18737,-3185,2595
391,-19656,1685,3201,-18801,-7143,1728,-18787,-3193,2601
392,-19698,1648,3202,-18862,-7129,1735,-18837,-3202,2609
393,-19740,1610,3204,-18924,-7116,1741,-18886,-3210,2618
394,-19782,1572,3207,-18985,-7103,1746,-18936,-3219,2627
395,-19824,1533,3210,-19046,-7090,1752,-18985,-3227,2638
396,-19866,1495,3213,-19107,-7076,1756,-19034,-3236,2649
397,-19907,1456,3217,-19169,-7063,1760,-19083,-3244,2662
398,-19949,1418,3221,-19231,-7050,1764,-19132,-3253,2675
399,-19990,1379,3225,-19292,-7036,1768,-19181,-3261,2689
400,-20032,1340,3230,-19354,-7022,1771,-19230,-3269,2705
401,-20073,1302,3234,-19416,-7008,1775,-19278,-3278,2721
402,-20114,1263,3238,-19478,-6994,1778,-19326,-3286,2738
403,-20155,1224,3243,-19541,-6980,1781,-19375,-3294,2756
404,-20196,1185,3247,-19603,-6966,1783,-19423,-3302,2775
405,-20238,1146,3250,-19665,-6951,1786,-19470,-3311,2795
406,-20279,1107,3253,-19728,-6937,1789,-19518,-3319,2815
407,-20321,1068,3256,-19791,-6923,1792,-19566,-3327,2837
408,-20362,1029,3259,-19853,-6908,1795,-19613,-3335,2859
409,-20404,990,3261,-19916,-6894,1798,-19660,-3343,2882
410,-20446,952,3264,-19978,-6879,1801,-19707,-3351,2906
411,-20488,913,3265,-20041,-6865,1805,-19753,-3359,2931
412,-20530,874,3267,-20104,-6850,1808,-19800,-3367,2957
413,-20572,836,3268,-20166,-6836,1811,-19846,-3375,2983
414,-20615,797,3268,-20229,-6821,1814,-19892,-3383,3010
415,-20658,759,3268,-20292,-6807,1817,-19938,-3391,3037
416,-20701,721,3268,-20354,-6792,1820,-19983,-3399,3064
417,-20743,683,3267,-20417,-6778,1823,-20029,-3406,3090
418,-20787,645,3266,-20480,-6763,1826,-20074,-3414,3115
419,-20830,607,3265,-20543,-6748,1829,-20119,-3422,3140
420,-20873,569,3263,-20606,-6734,1833,-20164,-3430,3164
421,-20916,531,3261,-20668,-6719,1836,-20208,-3437,3187
422,-20959,494,3259,-20731,-6704,1840,-20252,-3445,3209
423,-21002,456,3256,-20794,-6689,1843,-20297,-3453,3230
424,-21046,418,3253,-20856,-6675,1847,-20341,-3460,3251
425,-21089,380,3250,-20919,-6660,1851,-20384,-3468,3270
426,-21132,342,3247,-20981,-6646,1854,-20428,-3475,3288
427,-21175,304,3243,-21044,-6631,1858,-20471,-3483,3305
428,-21218,265,3240,-21106,-6616,1862,-20515,-3490,3322
429,-21261,227,3236,-21169,-6601,1865,-20558,-3498,3337
430,-21303,188,3232,-21231,-6586,1869,-20601,-3505,3352
431,-21345,149,3229,-21294,-6572,1873,-20644,-3513,3365
432,-21387,110,3225,-21356,-6557,1877,-20686,-3520,3377
433,-21429,70,3221,-21419,-6542,1880,-20729,-3527,3389
434,-21471,31,3218,-21481,-6527,1884,-20771,-3535,3399
435,-21512,-9,3214,-21544,-6512,1889,-20814,-3542,3408
436,-21554,-49,3210,-21606,-6498,1893,-20856,-3550,3417
437,-21595,-89,3206,-21668,-6483,1897,-20899,-3557,3424
438,-21636,-129,3202,-21730,-6468,1901,-20941,-3564,3430
439,-21676,-169,3198,-21792,-6453,1905,-20983,-3572,3435
440,-21717,-210,3194,-21855,-6438,1909,-21025,-3579,3440
441,-21757,-251,3190,-21917,-6423,1914,-21067,-3586,3443
442,-21797,-291,3186,-21979,-6409,1918,-21109,-3594,3445
443,-21838,-332,3182,-22041,-6394,1922,-21151,-3601,3447
444,-21878,-373,3177,-22103,-6379,1926,-21193,-3609,3447
445,-21918,-414,3172,-22165,-6364,1930,-21236,-3616,3446
446,-21958,-456,3167,-22227,-6349,1934,-21278,-3623,3444
447,-21997,-497,3162,-22290,-6334,1938,-21320,-3631,3442
448,-22037,-539,3157,-22352,-6320,1942,-21362,-3638,3438
449,-22076,-581,3152,-22414,-6305,1946,-21404,-3646,3433
450,-22115,-623,3147,-22476,-6290,1950,-21446,-3653,3427
451,-22154,-666,3142,-22538,-6275,1954,-21489,-3661,3421
452,-22193,-708,3137,-22600,-6260,1958,-21531,-3668,3413
453,-22231,-751,3132,-22662,-6245,1963,-21573,-3676,3404
454,-22269,-794,3127,-22724,-6230,1969,-21616,-3684,3395
455,-22307,-838,3122,-22786,-6215,1975,-21658,-3691,3384
456,-22345,-881,3118,-22848,-6199,1981,-21701,-3699,3372
457,-22382,-925,3113,-22909,-6184,1988,-21744,-3707,3359
458,-22420,-968,3107,-22970,-6169,1994,-21787,-3714,3346
459,-22457,-1012,3103,-23032,-6153,2001,-21830,-3722,3331
460,-22494,-1057,3098,-23093,-6137,2008,-21873,-3730,3315
461,-22530,-1101,3093,-23154,-6122,2015,-21916,-3738,3298
462,-22566,-1146,3089,-23216,-6106,2022,-21960,-3746,3280
463,-22602,-1191,3085,-23277,-6090,2030,-22003,-3754,3262
464,-22638,-1237,3081,-23338,-6074,2038,-22047,-3762,3242
465,-22674,-1282,3076,-23399,-6058,2047,-22091,-3770,3221
466,-22710,-1328,3072,-23460,-6041,2056,-22135,-3778,3199
467,-22745,-1374,3069,-23521,-6026,2065,-22179,-3786,3176
468,-22780,-1421,3065,-23582,-6010,2074,-22224,-3795,3153
469,-22816,-1467,3061,-23642,-5993,2083,-22268,-3803,3128
470,-22851,-1514,3058,-23703,-5977,2091,-22313,-3811,3102
471,-22887,-1561,3053,-23764,-5961,2099,-22358,-3820,3075
472,-22923,-1607,3049,-23825,-5945,2107,-22403,-3829,3047
473,-22959,-1654,3044,-23885,-5929,2115,-22449,-3837,3019
474,-22995,-1700,3039,-23946,-5913,2123,-22495,-3846,2989
475,-23031,-1747,3034,-24007,-5896,2131,-22541,-3855,2959
476,-23067,-1794,3029,-24067,-5880,2140,-22587,-3863,2930
477,-23103,-1841,3024,-24127,-5863,2149,-22633,-3872,2900
478,-23138,-1889,3019,-24187,-5845,2159,-22680,-3881,2871
479,-23173,-1936,3015,-24247,-5828,2169,-22727,-3889,2843
480,-23208,-1984,3011,-24306,-5810,2179,-22775,-3898,2815
481,-23243,-2032,3008,-24366,-5793,2188,-22822,-3907,2788
482,-23277,-2081,3004,-24425,-5775,2198,-22870,-3915,2762
483,-23312,-2129,3001,-24484,-5758,2207,-22918,-3924,2736
484,-23346,-2178,2998,-24543,-5742,2216,-22966,-3932,2712
485,-23380,-2227,2994,-24602,-5724,2225,-23015,-3941,2688
486,-23415,-2276,2991,-24661,-5707,2233,-23063,-3950,2665
487,-23449,-2325,2987,-24719,-5691,2241,-23112,-3959,2643
488,-23484,-2374,2984,-24778,-5675,2248,-23161,-3967,2622
489,-23518,-2423,2980,-24836,-5657,2255,-23210,-3976,2601
490,-23552,-2472,2976,-24894,-5639,2263,-23260,-3985,2582
491,-23586,-2522,2972,-24952,-5621,2270,-23309,-3993,2563
492,-23620,-2571,2968,-25010,-5602,2278,-23359,-4002,2545
493,-23654,-2621,2964,-25067,-5583,2286,-23408,-4011,2529
494,-23688,-2670,2960,-25125,-5565,2293,-23458,-4020,2513
495,-23721,-2720,2956,-25183,-5544,2301,-23508,-4028,2498
496,-23754,-2770,2953,-25240,-5524,2308,-23559,-4037,2484
497,-23787,-2821,2949,-25298,-5504,2316,-23609,-4046,2471
498,-23820,-2871,2944,-25355,-5484,2324,-23659,-4055,2459
499,-23853,-2922,2940,-25413,-5465,2332,-23709,-4064,2448
