t,target_nn,target_mu,n_z_g,alpha_deg,elevator,throttle,aileron,rudder,q_rps,p_rps,roll_deg,pitch_deg,alt_m,airspeed_mps,thrust_lbs,mach
0.0,1.0,0.0,-0.618657903909689,0.017396693285124516,-0.11477850107727622,0.8000000000000126,0.0,2.1116223860276913e-17,0.00026066682979453945,-7.495697404216026e-09,-3.7299120028728544e-11,3.0884596155295855e-05,3048.0000080890777,180.14646057456048,18870.73421522246,0.6292973711847735
0.08333333333333333,1.0,0.0,-0.829384130126773,0.14744146625050364,-0.36110836958913106,0.8,-3.308686709546649e-07,2.0604267094224062e-05,0.026229846792222015,-4.3813475698044305e-06,-7.098778979056523e-06,0.061910970912727493,3047.9836710162344,180.58962351329203,18876.617467653043,0.6308053292802006
0.16666666666666666,1.0,0.0,-1.07956154264845,0.3708121661266297,0.22531240512906453,0.8,-1.5859033381985614e-06,4.033805524226222e-05,0.05515790699106436,-1.0380118287273555e-05,-3.912324105637916e-05,0.24324204617490483,3047.9507698972106,181.0281132454431,18882.465586267448,0.6322965263742187
0.25,1.0,0.0,-1.0764329998263498,0.6784356701573311,0.26911356812418535,0.8,-3.7370299216095876e-06,5.91176270003648e-05,0.07672799532068177,-1.7810739420538376e-05,-0.00010204110911689314,0.5386361986693307,3047.9093582795354,181.4653331416436,18888.31233733436,0.6337828426894174
0.3333333333333333,1.0,0.0,-1.0938116055964362,1.0493421262348754,-0.2710730929938348,0.8,-7.094260571271308e-06,7.695602178491793e-05,0.09114385213675963,-2.7897477670381274e-05,-0.00020478387049644754,0.9335032118206498,3047.86964190495,181.89747283017908,18894.09299257755,0.6352516903504258
0.4166666666666667,1.0,0.0,-1.3344524286500306,1.460002865722263,-0.2690248235558107,0.8,-1.2158538704512001e-05,9.38548209092172e-05,0.10437403831057075,-4.2032106588914344e-05,-0.0003624832840971892,1.4102771138410297,3047.8436540392313,182.3193124141976,18899.721454680996,0.6366857654272449
0.5,1.0,0.0,-1.5464237430068852,1.8459044908286093,0.28586143251734036,0.8,-1.9620054241564767e-05,0.0001097827175601161,0.09765367606671606,-6.165192966397236e-05,-0.0005970455131787762,1.895386390017596,3047.842744725412,182.73805467760243,18905.277235519585,0.6381100030778558
0.5833333333333334,1.0,0.0,-1.5237851634242174,2.1549474076216333,0.31477148927782417,0.8,-3.0353187836450098e-05,0.00012469809828616801,0.08662927941044835,-8.815078771105022e-05,-0.0009372348609252289,2.330135048700616,3047.8762964485736,183.15116665706267,18910.71354593167,0.6395161466800613
0.6666666666666666,1.0,0.0,-1.4701995410765196,2.393091264495688,-0.24266063117348316,0.8,-4.544552164733965e-05,0.0001385484513776216,0.07127569117506598,-0.0001234419750350904,-0.001419317051830132,2.714363469017475,3047.951769649959,183.557658425412,18916.00668511721,0.6409011223015653
0.75,1.0,0.0,-1.68272755932539,2.5621751791158522,-0.25849717858791904,0.8,-6.632344870200738e-05,0.00015125935831550424,0.06226676994651651,-0.00017029988138032978,-0.002090272613635554,3.047593224091204,3048.0751430366727,183.95439063877058,18921.12377843701,0.6422544975842442
0.8333333333333334,1.0,0.0,-1.8794224658021075,2.6771811889898096,0.3087774432255964,0.8,-9.489561795235376e-05,0.00016272936543737626,0.05950122396763208,-0.0002325655177519854,-0.0030123321731611,3.3393140314869534,3048.2510812154355,184.3428276588891,18926.083464563475,0.6435814466112446
0.9166666666666666,1.0,0.0,-1.766980527939379,2.754613644875621,0.33408136367944297,0.8,-0.0001337296491508666,0.00017282004669371063,0.05208148503688895,-0.0003155014077311308,-0.004268760192795273,3.598709605521165,3048.482580432093,184.72993820369598,18930.963607038677,0.6449057863337322
1.0,1.0,0.0,-1.6360925759949636,2.7957324159815524,-0.22877417879091222,0.8,-0.00018628044506906546,0.00018134030529068455,0.03999986463500625,-0.00042631590119924465,-0.005971479621372687,3.8243250867299623,3048.771263040608,185.11365373410118,18935.73470272989,0.6462205601304165
1.0833333333333333,1.0,0.0,-1.7876742316052578,2.798357147503345,-0.2527842636928631,0.8,-0.00025720035888462023,0.0001880314135130419,0.03412785655221133,-0.0005747722044147409,-0.008271406972809222,4.014471110338434,3049.118127416405,185.49033831756734,18940.347040447716,0.6475134663368357
1.1666666666666667,1.0,0.0,-1.9335936966975258,2.774002290933186,0.30711542596895663,0.8,-0.0003527822838779993,0.00019255514434488597,0.03436196356033039,-0.0007740651876354347,-0.011372434163813104,4.1776497872498854,3049.5236328269634,185.861144366939,18944.815247213694,0.6487884567614427
1.25,1.0,0.0,-1.774748353239718,2.736036984506611,0.3253490417502057,0.8,-0.00048155133933849956,0.00019447202160327904,0.029636221367078327,-0.0010420898599502963,-0.015550157993180096,4.322076492255084,3049.9872546233923,186.23283972076342,18949.229992572695,0.6500685194356568
1.3333333333333333,1.0,0.0,-1.6054134395146689,2.6826779872249604,-0.24102424072193235,0.8,-0.0006550265498332145,0.00019320231273920835,0.019949914780791965,-0.0014031358888462072,-0.021177060464152284,4.445182053140884,3050.507703471011,186.60299340662436,18953.56031650236,0.6513453583738011
1.4166666666666667,1.0,0.0,-1.7302334791741032,2.608929124969444,-0.26600218423258615,0.8,-0.0008887532805250224,0.00018799161624319713,0.016352047717507583,-0.0018900321675858838,-0.02875694730020493,4.544185678869445,3051.083609005836,186.96762988391436,18957.75468051089,0.6526054323195638
1.5,1.0,0.0,-1.85572793758533,2.5239118475586215,0.2929697362728674,0.8,-0.0012037886867422487,0.00017789059119342122,0.01874303358621307,-0.002547212407513737,-0.03897191263579236,4.6266856276110335,3051.713544570762,187.32765938602793,18961.8267440957,0.6538517944802363
1.5833333333333333,1.0,0.0,-1.6773416981327811,2.438839014798227,0.3111114172373185,0.8,-0.001628710045422741,0.0001617051054433884,0.0158881070894646,-0.0034350007569723616,-0.052745427971261485,4.700020985803177,3052.395518814093,187.68966799311013,18965.866662913715,0.655106747022003
1.6666666666666667,1.0,0.0,-1.4934706623766059,2.349760675974888,-0.25503833260165365,0.8,-0.0022021852776006037,0.00013789434953525846,0.00780198851342139,-0.004635230125964099,-0.07132730103514175,4.760613461319908,3053.1271470930487,188.05091644262023,18969.84059982271,0.6563609067090777
1.75,1.0,0.0,-1.6126102455780944,2.249671000420459,-0.27923955072092904,0.8,-0.0029764594621006163,0.00010449263371144671,0.005709454905699898,-0.006258640369905162,-0.09641012340756093,4.8047207319349114,3053.9062979311734,188.40712333518124,18973.693741562845,0.6575996678495138
1.8333333333333333,1.0,0.0,-1.736574548219228,2.146020764045406,0.28013759712411035,0.8,-0.004022390454861129,5.90927534016655e-05,0.009521940312356803,-0.008455420336167606,-0.13028850033678702,4.83918193087496,3054.731084866807,188.75891927951375,18977.436588482746,0.6588251127278719
1.9166666666666667,1.0,0.0,-1.555836197577648,2.0484959541761842,0.29958755808584975,0.8,-0.005436283885587908,-1.2508702137064801e-06,0.007838195915912846,-0.011429773730067615,-0.17607317943157266,4.870623231393583,3055.5993249708745,189.11261276423664,18981.155979343628,0.660058582562177
2.0,1.0,0.0,-1.3734622883544847,1.9514935295100573,-0.26499748079550933,0.8,-0.007348621795746945,-8.02648045231247e-05,0.0006910535536701675,-0.015458891962037624,-0.23797962166110678,4.894629124595787,3056.5086959934533,189.4650251191516,18984.812065144062,0.6612892067389224
2.0833333333333335,1.0,0.0,-1.5022388602899128,1.8463840548264616,-0.2868330490909221,0.8,-0.009935917407337045,-0.00018257160657713216,-0.0005238459870976551,-0.020918368384602266,-0.3217240104368053,4.906668883043825,3057.457383997527,189.81135957006833,18988.342663310734,0.6625006461964035
2.1666666666666665,1.0,0.0,-1.6400819204563954,1.7391686210498718,0.27467528171088673,0.8,-0.013437868293678469,-0.00031351657487434324,0.0041131414981731545,-0.02831825965186631,-0.4350654847031083,4.912981069683244,3058.444084109527,190.15163805591732,18991.749452453456,0.6636929375312228
2.25,1.0,0.0,-1.473434389363341,1.6380220082405068,0.29753894251480156,0.8,-0.018180650261282273,-0.0004791305787874697,0.0030305104464795314,-0.038352736984380464,-0.5885355069649344,4.919614404597579,3059.4674765369655,190.49141627932192,18995.108302588746,0.664884892253205
2.3333333333333335,1.0,0.0,-1.311077508914634,1.535445490979729,-0.26285538888473675,0.8,-0.024606663866959064,-0.0006863607553474297,-0.0037280281283179778,-0.051964689274002794,-0.7964212811490882,4.921416742802712,3060.526431219596,190.82641991297885,18998.36318034843,0.6660619718411626
2.4166666666666665,1.0,0.0,-1.471255288301475,1.4206141628561575,-0.27884312843383013,0.8,-0.033314916797093246,-0.0009424675051110976,-0.004612811083661748,-0.07043209232402928,-1.0781149871586986,4.913117442810815,3061.6207343634637,191.15042734911611,19001.430774426575,0.6672030707799759
2.5,1.0,0.0,-1.6498106295843957,1.2970697523203822,0.28935856369681856,0.8,-0.045119374086492706,-0.0012527115639213726,0.00028672708810990703,-0.09549043426359007,-1.4599589637541603,4.900320688131511,3062.7511948808583,191.4615926554248,19004.28517295436,0.6683019717122565
2.5833333333333335,1.0,0.0,-1.5316548100354073,1.169893129963821,0.32162244901060844,0.8,-0.06112802819485853,-0.0016172149457254442,-0.0007850367762001856,-0.12950015301242826,-1.9777235642425477,4.888353142628735,3063.919263833508,191.76298017988478,19006.96559780369,0.6693691388513229
2.6666666666666665,1.0,0.0,-1.4341581450749752,1.0273556057153452,-0.22673379500962265,0.8,-0.08284349564951554,-0.0020264071521240695,-0.00779493580910795,-0.17566245480568135,-2.679937738855892,4.87104262297241,3065.127450777081,192.04685506853826,19009.365094655863,0.6703784443134301
2.75,1.0,0.0,-1.684268094945067,0.853105625227553,-0.22610941860016048,0.8,-0.11229883834385704,-0.002449376470497515,-0.00908559079902481,-0.23830422886296357,-3.6324360945457257,4.841901548315879,3066.3803421424273,192.30236667516957,19011.33231666255,0.6712932765773205
2.8333333333333335,1.0,0.0,-1.9808542049840159,0.6435521167097511,0.36298467546874147,0.8,-0.15225224195055054,-0.0028086189704776957,-0.004799476023037081,-0.32327537200946826,-4.924529613437555,4.805107887000331,3067.6850854731474,192.52143057834758,19012.74996064222,0.6720865080882492
2.9166666666666665,1.0,0.0,-2.0142357665890396,0.39426355836113147,0.42317468634501526,0.8,-0.2064472415609933,-0.0029378645177739215,-0.006901290248988821,-0.43847787296052854,-6.67719575086235,4.76402712255348,3069.0514971304538,192.69862950869685,19013.533409132302,0.672740157929878
3.0,4.0,0.0,-2.117948934554078,0.08067452027099746,-0.9062125974271089,0.8,-0.27993676724752764,-0.0025095138700330175,-0.015399756772339438,-0.5945161150134589,-9.0538964833452,4.709688286972323,3070.4931040400866,192.81468645103965,19013.407519377342,0.6731893727911303
3.0833333333333335,4.0,0.0,-2.726964533509802,-0.30343502915013415,-0.3837374170005859,0.8,-0.37955370596104954,-0.0008935607538180675,0.009269013087568988,-0.806615788969276,-12.276265155585445,4.667034020162358,3072.029931315127,192.82883951912692,19011.80098236401,0.6732966540346709
3.1666666666666665,4.0,0.0,-3.4147492995967124,-0.6566960731691024,-0.29124042376235665,0.8,-0.5151091340475062,0.0026716175758617,0.041957481648719756,-1.0951631994502697,-16.655639285288892,4.764324909482035,3073.6918500440242,192.71118715741628,19008.277496525367,0.6729616503648417
3.25,4.0,0.0,-3.40428929983266,-0.8895655830597028,0.04563822082618567,0.8,-0.6927129660570662,0.008403071820801349,0.07493156237009603,-1.374939480056249,-22.459727915109067,4.985342125780631,3075.5017245753947,192.54217977129738,19003.891957832348,0.6724580378358209
3.3333333333333335,4.0,0.0,-3.153526594554025,-0.98045025755576,0.07750719709101893,0.8,-0.8983208596940281,0.014494624759469889,0.09755223485484271,-1.5867207054642494,-29.47444705536639,5.306203613392346,3077.4498356612385,192.36892005561594,18999.288722753896,0.671945195765315
3.4166666666666665,4.0,0.0,-2.9611197144817996,-0.9696368419297332,-0.47754025947417206,0.8,-1.0,0.019540507474125432,0.11084152382793314,-1.7412661133708196,-37.39480115595877,5.688272606819854,3079.5231946866634,192.19201501999285,18994.491221991335,0.6714246684059131
3.5,4.0,0.0,-3.1232898291045075,-0.8973441487915168,-0.5201953869182935,0.8,-1.0,0.022646953958341594,0.1270931840405324,-1.8510692688423367,-45.974651229556585,6.091934019527906,3081.7065889640003,192.007714352235,18989.467023591293,0.6708831253669436
3.5833333333333335,4.0,0.0,-3.318044856512094,-0.7850308202372176,-0.0187688960534568,0.8,-1.0,0.023283704067816286,0.1468919851867502,-1.9266592245084342,-55.02418835989896,6.485906033036839,3083.980974453324,191.81972137270319,18984.288185551548,0.670332387187721
3.6666666666666665,4.0,0.0,-3.2202689238635593,-0.6473223199433255,-0.09589084837871849,0.8,-1.0,0.021290165142545194,0.159301719162462,-1.976655588516632,-64.39915176931959,6.837286829206527,3086.322054752031,191.63549648574448,18979.0831756737,0.6697968409406146
3.75,4.0,0.0,-3.126276807807757,-0.5092525195909758,-0.8720912664045842,0.8,-1.0,0.0168158486602166,0.16478572136665426,-2.0078652309633602,-73.99011342337863,7.108928884175938,3088.7002356284115,191.45459090254099,18973.880518694437,0.6692738280645354
3.8333333333333335,4.0,0.0,-4.007730309169535,-0.36913186271985843,-1.0,0.8,-1.0,0.010284000216899401,0.23144164893931501,-2.0256587690719097,-83.72077163891848,7.276332521862426,3091.081461746103,191.24888189979217,18968.34332528204,0.6686665121049876
3.9166666666666665,4.0,0.0,-5.092329420650349,0.17939418066863155,-1.0,0.8,-1.0,0.0004407970588273994,0.4235108964208367,-2.0250459977712385,-93.58605867779293,7.325875589164313,3093.428207386458,190.98909395418596,18962.12396583462,0.6678739362343774
4.0,4.0,0.0,-5.056680557578935,1.4360254989447145,-1.0,0.8,-1.0,-0.01991613764247766,0.5699131440180984,-1.995744153341757,-103.50469680735587,7.054455294308348,3095.6955154836955,190.74961078464648,18956.271150621054,0.667147055914697
4.083333333333333,4.0,0.0,-4.927255153735536,2.8546441352470944,-1.0,0.8,-1.0,-0.05567465583436149,0.5634815623597897,-1.9488515624679252,-113.26010802786408,6.310310646866564,3097.8275598453197,190.5328202096993,18950.88158689006,0.6664918983761771
4.166666666666667,4.0,0.0,-5.238982794523808,3.824400514214173,-1.0,0.8,-1.0,-0.10165707070786721,0.4842743887974434,-1.89997049337123,-122.70187733279914,5.2186086814967245,3099.760825270057,190.31821022647242,18945.754773162873,0.66583635497216
4.25,4.0,0.0,-5.554541357339233,4.254242770970944,-0.6016225114707024,0.8,-1.0,-0.14890625742503977,0.4234586313044627,-1.8621166381792635,-131.83835617552018,3.922434930772709,3101.431759583509,190.09674361124266,18940.84401180294,0.6651472893771244
4.333333333333333,4.0,0.0,-5.372329735662314,4.260648285406977,-0.6432015650255518,0.8,-1.0,-0.19191985198716596,0.36539627062272856,-1.8345455169783749,-140.74563108148388,2.5251337887082865,3102.785933042282,189.89295956479214,18936.540619021212,0.6645060846122697
4.416666666666667,4.0,0.0,-5.228313369775678,3.9297895933911486,-1.0,0.8,-1.0,-0.22751916290057372,0.3162102406529711,-1.81636433450897,-149.49338788671102,1.123995051618822,3103.7833138931483,189.71181095007836,18932.95706782083,0.6639281101841646
4.5,4.0,0.0,-5.397976040042147,3.4258844912361646,-0.9570304816876557,0.8,-1.0,-0.2536361087473764,0.32341747594037334,-1.8084043474201024,-158.15073564229945,-0.3001746314167792,3104.3961208830806,189.53995857220264,18929.947275675982,0.6633669898180152
4.583333333333333,4.0,0.0,-5.388246897553609,2.995566443891599,-0.6842035657522684,0.8,-1.0,-0.26992842329632283,0.35800098813539044,-1.8055973441695656,-166.7736637872314,-1.8904383501383228,3104.6046170547816,189.38989569363318,18927.700779701805,0.6628645065652873
4.666666666666667,4.0,0.0,-5.120972007730947,2.693997286742924,-0.6823684734678569,0.8,-1.0,-0.28001159960017435,0.3844141706591491,-1.8016355028837092,-175.3839856803125,-3.646407780057712,3104.3961644112646,189.27296378344724,18926.38335445101,0.6624588024243899
4.75,4.0,0.0,-4.8157831434269,2.521602032647566,-1.0,0.8,1.0,-0.28551765498293286,0.4028158431394962,-1.5883210177776534,176.01036692643947,-5.516782185437075,3103.763643368706,189.1924049433742,18926.046256949063,0.6621606707204041
4.833333333333333,4.0,0.0,-4.677993307862878,2.8200200685981094,-1.0,0.8,1.0,-0.2901210629746975,0.44157364813195293,-0.6390234810205992,170.2566910244092,-7.482364085067814,3102.725594157395,189.2291562256395,18927.747798252396,0.6622461472032132
4.916666666666667,4.0,0.0,-4.178163265994014,3.795016482645053,-1.0,0.8,1.0,-0.28496892834605514,0.4867298974858338,0.12256539215365535,168.6684279521989,-9.65505091003736,3101.3171030361864,189.3982904097732,18931.648804783268,0.6627677538124523
5.0,4.0,0.0,-3.6685915821096082,5.190265041260409,-1.0,0.8,1.0,-0.2637200330183501,0.4776593649978634,0.695452250258445,170.30539573649725,-11.913444356122055,3099.56197261515,189.7042812972808,18937.783048350517,0.6637414094163612
5.083333333333333,4.0,0.0,-3.3002557021708987,6.671182311345215,-1.0,0.8,1.0,-0.22392095809567406,0.44143619694224856,1.117521821809683,174.37337622873022,-14.085009549852913,3097.475531074995,190.09587866510066,18945.45068162027,0.6649931516943046
5.166666666666667,4.0,0.0,-2.953893046432291,8.042847481319452,-1.0,0.8,1.0,-0.1661592020998475,0.3990070352024496,1.418139841588813,-179.7509762704164,-16.098712814413496,3095.0726252520385,190.55067124380614,18954.3371192325,0.6664471119109421
5.25,4.0,0.0,-3.6320030468349866,9.019495874339832,-0.936647630461808,0.8,-1.0,-0.09618600929616863,0.34037127371102366,0.8555692974982458,-173.7088542727601,-17.929544877715276,3092.3574366906437,190.959679162369,18962.980815457675,0.6677329430837042
5.333333333333333,4.0,0.0,-4.765550673139157,9.323918633055085,-1.0,0.8,-1.0,-0.04935825228214035,0.27573972901679167,0.16089442923182432,-171.0189932682844,-19.46001633017832,3089.276018000105,191.22054071557343,18970.072704247752,0.6685009613348383
5.416666666666667,4.0,0.0,-5.6165574097720485,9.129762057387646,-0.42579773184972625,0.8,-1.0,-0.038009484656131125,0.22302945731466306,-0.38131533251168265,-171.3373411365751,-20.68571439233825,3085.7768921558263,191.36842871415433,18976.141159393657,0.6688689707854621
5.5,4.0,0.0,-5.948894669158973,8.528728970978014,-0.4267680380454435,0.8,-1.0,-0.05229402233887134,0.16907236141548887,-0.7867736744196042,-173.97799387045228,-21.642380038399107,3081.822310655701,191.4398026727266,18981.717171203407,0.6689595497332381
5.583333333333333,4.0,0.0,-6.17056566000063,7.548231321981343,-1.0,0.8,-1.0,-0.08003303311867727,0.11637969085018697,-1.0876315195896482,-178.37092841744666,-22.348865426424776,3077.385093949619,191.45250230013107,18987.07065090059,0.6688323775434265
5.666666666666667,4.0,0.0,-6.279903195191365,6.3106652015912506,-1.0,0.8,1.0,-0.11104927575497886,0.10851774694978113,-0.9121251463687104,176.1185325246402,-22.867334028866406,3072.449451203424,191.45299764516093,18992.842487326514,0.6686447011695966
5.75,4.0,0.0,-6.055042860578426,5.482828575923659,-0.8911833159329854,0.8,1.0,-0.13003339614644438,0.21405549590524403,-0.1538282663602932,173.22717455781702,-23.531410513005344,3067.053797091767,191.60526113141347,19001.187431586168,0.6689543804515741
5.833333333333333,4.0,0.0,-5.288496996967521,5.590152085412148,-0.7940049071104313,0.8,1.0,-0.12796762949934373,0.3679041053304364,0.4614413179208589,173.672910318713,-24.86530436411691,3061.2527122867855,191.9070443502197,19012.014787822507,0.6697553974997457
5.916666666666667,4.0,0.0,-4.216844948602262,6.4346050747128745,-1.0,0.8,1.0,-0.10776153715191952,0.4154959390401827,0.9209288581921382,176.7303267375077,-26.747102214646034,3055.080594554883,192.36099674992002,19025.32468227247,0.6710574358321094
6.0,4.0,0.0,-3.6119331578719462,7.460578289095325,-1.0,0.8,-1.0,-0.07039093226226512,0.4029798123390802,1.246211252182605,-178.23664225401635,-28.715524325795844,3048.563383087653,192.92179447570513,19040.483201172545,0.6727071640770009
6.083333333333333,4.0,0.0,-4.482756339301645,8.167905825591006,-0.915702770147476,0.8,-1.0,-0.02355820726676086,0.34568205278800523,0.48722794835290106,-173.74203128448636,-30.570956100272287,3041.701910335645,193.40473676665832,19056.456438319216,0.6740785214989385
6.166666666666667,4.0,0.0,-5.504532431879721,8.303487666478654,-0.3936886977487183,0.8,-1.0,-0.000554423210256067,0.2684635998850783,-0.16970337597108645,-172.72605673044774,-32.08055515453891,3034.4481110277684,193.75291175135118,19071.300056770757,0.6749773501833728
6.25,4.0,0.0,-5.9271912641294,7.931808258340603,-0.38677763634793133,0.8,-1.0,-0.006033667895100813,0.19219745998652535,-0.6686240532037221,-174.5389049027366,-33.20872646188018,3026.7647534397397,194.00306416626978,19085.42775008078,0.675527132813583
6.333333333333333,4.0,0.0,-6.197921954625662,7.100254243687053,-0.9702714444971358,0.8,-1.0,-0.029516928865321295,0.11900777078979662,-1.0417430610021772,-178.51825377826646,-33.98366792268344,3018.627427179274,194.18020224185543,19099.20850660112,0.6758119252927192
6.416666666666667,4.0,0.0,-6.253483075478147,5.963211823990316,-1.0,0.8,1.0,-0.06008992473437185,0.10177894604875519,-0.9055046902199406,176.074615803941,-34.48866677675966,3010.025765298763,194.36208779539808,19113.70542485336,0.6760945121902628
6.5,4.0,0.0,-6.062682594722889,5.1825921749946104,-0.8531178719646053,0.8,1.0,-0.08187490816913984,0.20838618724760877,-0.14547867071164255,173.239551380648,-35.126190466514295,3001.001403859395,194.69612888443058,19130.85350986223,0.6768745091309727
6.583333333333333,4.0,0.0,-5.401993525733616,5.295186413067948,-0.7455085638597996,0.8,1.0,-0.08379638007685011,0.3675365507838756,0.4730615278225277,173.7382795020378,-36.44251076946396,2991.603102692655,195.17736979263555,19150.52333204649,0.6781362069278616
6.666666666666667,4.0,0.0,-4.251624967372949,6.162283787346273,-1.0,0.8,1.0,-0.06801982632105838,0.42659120073583917,0.9328522720047348,176.84414701834885,-38.35904089830562,2981.859398080203,195.8081163635503,19172.713361461378,0.6798875316982956
6.75,4.0,0.0,-3.651795683621476,7.212508964024713,-1.0,0.8,-1.0,-0.035105968918104954,0.41316342170949466,1.2564621614620852,-178.0465646896844,-40.37987856631886,2971.7913116165846,196.54638783345638,19196.83290356284,0.6819866591378256
6.833333333333333,4.0,0.0,-4.429481791350101,7.946478884385406,-0.875260500395254,0.8,-1.0,0.007906731202930279,0.348717091324502,0.4594315194197465,-173.54298216773194,-42.27857914457776,2961.399128751764,197.19703462865542,19220.235040132284,0.6837752362763948
6.916666666666667,4.0,0.0,-5.407076800269997,8.107655969522598,-0.9368992284437636,0.8,-1.0,0.02792306933084477,0.25984275106201093,-0.2264325817071277,-172.700928011949,-43.79638142824439,2950.64316905441,197.7089377762356,19242.274734458733,0.6850801691109841
7.0,4.0,0.0,-6.171035617350513,7.73980044279315,-0.3687756366644649,0.8,-1.0,0.019341454200107685,0.18230324554634214,-0.7429365811552004,-174.81485748205245,-44.89139767529451,2939.493871292934,198.11309965128186,19263.409125118178,0.6860055228387345
7.083333333333333,4.0,0.0,-6.396378776645281,6.897901807092884,-0.36901475081672785,0.8,-1.0,-0.007063444051407644,0.10703926106636034,-1.1287095623009669,-179.1949862231594,-45.60405937312845,2927.9339517044577,198.4422020818571,19284.10356559391,0.6866611987692826
7.166666666666667,4.0,0.0,-6.252258992662062,5.7837403879737055,-1.0,0.8,1.0,-0.04009856243400071,0.09233809519246908,-0.7719701613603197,175.3805300690877,-46.049515957214226,2915.96052119616,198.79007057714884,19305.640514913466,0.6873628461730164
7.25,4.0,0.0,-6.089650232631462,5.056612049074788,-0.8040349139872287,0.8,1.0,-0.06104520529937282,0.2086689414844441,-0.006420577207917093,173.25326859437263,-46.662458791527335,2903.615865322879,199.29683823535083,19329.87822197609,0.6885825304765956
7.333333333333333,4.0,0.0,-5.461336505121978,5.240992885457793,-0.8015723386296632,0.8,1.0,-0.06154395789162508,0.38487681206208796,0.5987439840512513,174.39817376207458,-48.00039561688756,2890.940332037428,199.94496393242775,19356.528914101476,0.6902617466836173
7.416666666666667,4.0,0.0,-4.221850413247452,6.2235170807529645,-1.0,0.8,1.0,-0.04437317150943397,0.44494404024321776,1.041083838596847,178.07807614867602,-50.01586649406896,2877.954154770479,200.7410768974123,19385.664662588002,0.6924223089661861
7.5,4.0,0.0,-4.426530637699833,7.263392398608425,-0.44007415856388205,0.8,-1.0,-0.00912167212228103,0.41441808041835,0.9074643167805309,-176.48177033078338,-52.085927109727656,2864.670853281829,201.59919485843966,19416.09560772551,0.6947754172449333
7.583333333333333,4.0,0.0,-5.293725072664002,7.798890613149016,-0.4502724962735399,0.8,-1.0,0.025493720268259613,0.31639814074784484,0.10548737031566469,-173.72807089445553,-53.89143694196982,2851.074298230323,202.30621323089233,19444.914358122576,0.6966067134389814
7.666666666666667,4.0,0.0,-5.849977012632586,7.701649602246076,-0.30188018980534825,0.8,-1.0,0.030933340590336488,0.2112810790629731,-0.5254080659515389,-174.50194520889625,-55.19191186549044,2837.137851225588,202.87346914349806,19472.304578425865,0.6979543079995558
7.75,4.0,0.0,-6.099572055626949,7.039275100472816,-0.9058784734414961,0.8,-1.0,0.012341107318019018,0.10899158467277872,-0.9933789440730357,-178.02670045855945,-56.006925243908555,2822.848184408811,203.34535855520252,19498.88975450979,0.698967115091253
7.833333333333333,4.0,0.0,-6.457110911232324,5.934145577033533,-1.0,0.8,1.0,-0.018103520593509066,0.07461813850382758,-0.8904889373227473,176.60076427249695,-56.41562454108414,2808.2028076056363,203.80400655925536,19525.80402196151,0.6999199285659479
7.916666666666667,4.0,0.0,-6.273012455520837,5.1176743456822305,-0.7729537289194394,0.8,1.0,-0.042679614466859625,0.1831165240754966,-0.08631232134449321,174.01417291115715,-56.92539250867621,2793.2304614173295,204.4092051332811,19555.220253939675,0.7013469221991456
8.0,4.0,0.0,-5.761913735366101,5.182950064652795,-0.6447058891216109,0.8,1.0,-0.047186845619451676,0.3542299572672184,0.5642595573012855,174.92737012880775,-58.138291280495196,2777.966521235034,205.16326379360464,19587.131159157492,0.703255864503998
8.083333333333334,4.0,0.0,-4.461004938306599,6.074502491299717,-1.0,0.8,1.0,-0.0330404479797955,0.43868788869085346,1.0408440795843554,178.5570240627563,-60.06036469072169,2762.4282348272773,206.0628561645996,19621.478233455695,0.7056349192217355
8.166666666666666,4.0,0.0,-4.621420690455193,7.1120337351385015,-0.40214981859089327,0.8,-1.0,0.0001323685541507599,0.4185427559134481,0.908341963137693,-175.87053457777102,-62.1266677531278,2746.625246232033,207.0278471234888,19657.143907506186,0.7082164918010765
8.25,4.0,0.0,-5.283643637267364,7.670311244707829,-0.7571058922742394,0.8,-1.0,0.0338912955530925,0.3039822805308818,0.06601301416673332,-173.16621471697542,-63.94503622977721,2730.546868481255,207.8276957314923,19690.929040673644,0.7102335941811434
8.333333333333334,4.0,0.0,-6.164698510850966,7.536513827995753,-0.2886683440356324,0.8,-1.0,0.037567561785355814,0.19328346711430297,-0.5863698771068729,-174.16703310573791,-65.18798499986536,2714.177923070553,208.48763835427064,19723.1949731924,0.7117709536123445
8.416666666666666,4.0,0.0,-6.392607260741399,6.800412943979358,-0.30096834999757327,0.8,-1.0,0.017257764341595396,0.08774223355699769,-1.0669726621145166,-178.06143041880614,-65.89467003390557,2697.5138922058763,209.04857207629064,19754.51111701398,0.7129652836445272
8.5,4.0,0.0,-6.464523024625967,5.6469975709244435,-0.9840679274728538,0.8,1.0,-0.013969164321162643,0.055336817475695486,-0.9491858580733278,176.11623700382543,-66.212696778376,2680.55866072686,209.59998703841404,19786.121746321525,0.7141140878243316
8.583333333333334,4.0,0.0,-6.253837210840491,4.763584016348786,-0.7384796950917923,0.8,1.0,-0.03938665044903937,0.15238792210831573,-0.08806000408530573,173.45356255136934,-66.6067283645857,2663.337222700873,210.30986720948883,19820.35424352043,0.7157743836131382
8.666666666666666,4.0,0.0,-5.889202928445163,4.7640155106005455,-0.5862395067383239,0.8,1.0,-0.04442998624123722,0.3437546083534934,0.5950133481211404,174.45687551381184,-67.70082926551592,2645.8782637815893,211.15283886808257,19856.823771377494,0.7178618456636825
8.75,4.0,0.0,-4.596989922000344,5.692448964905062,-1.0,0.8,1.0,-0.03143168277178276,0.44871793116644715,1.092932706792421,178.24353655215793,-69.61691121270401,2628.192861855009,212.15404538592966,19895.88248824079,0.7204585415334179
8.833333333333334,4.0,0.0,-4.693692274479272,6.8160442007474025,-0.36939385949028286,0.8,-1.0,0.0011407002139700575,0.42854036823895797,0.9446002037123571,-175.83894290111203,-71.74001551032511,2610.283966459483,213.21942798142115,19936.21011682254,0.7232525659702171
8.916666666666666,4.0,0.0,-5.371189525517944,7.416636314192535,-0.7253958049362179,0.8,-1.0,0.03542630450894039,0.29692036018247725,0.044288105104061656,-173.09947114639155,-73.57699351326949,2592.1465020701944,214.0986761633535,19974.266715865026,0.7254181973334356
9.0,4.0,0.0,-6.289224443434061,7.260309756579583,-0.2526298102712083,0.8,-1.0,0.03844279498226686,0.17624254277406573,-0.6366128966265261,-174.29228137346038,-74.76715102066481,2573.777042257708,214.8305239138898,20010.591078903573,0.727084744262543
9.083333333333334,4.0,0.0,-6.594754259304585,6.463643899514033,-0.27435344794662797,0.8,-1.0,0.017601182425247816,0.06678365633949955,-1.134941818736719,-178.6098242719285,-75.37433925001659,2555.179722025806,215.46242643287965,20045.841367515386,0.7284099079039771
9.166666666666666,4.0,0.0,-6.49828863205475,5.286541346548701,-1.0,0.8,1.0,-0.013275729434161599,0.04426916831628444,-1.0017078897002256,175.01658572667267,-75.62568881552338,2536.3633142606022,216.0863749113268,20081.311021164183,0.7296972235309394
9.25,4.0,0.0,-6.269988728342795,4.38797293939469,-0.695149591995211,0.8,1.0,-0.03897175038488332,0.1365564619297122,-0.07677317995291875,172.42448794812677,-75.95717208041526,2517.3472134757253,216.86943108326443,20119.363095425928,0.7314957819667403
9.333333333333334,4.0,0.0,-5.965123785429775,4.3767700270241185,-0.5324737120490147,0.8,1.0,-0.04416765144314868,0.33594344350114036,0.639873627627908,173.5684482286013,-76.98886181931321,2498.151240016142,217.77558820450773,20159.468139816698,0.7336866767041109
9.416666666666666,4.0,0.0,-4.779535260221087,5.338104170415413,-1.0,0.8,1.0,-0.031662251899224794,0.45947208770913384,1.1561700292079602,177.4425493882255,-78.89346780872788,2478.780343796602,218.84511722930742,20202.21121702563,0.7364006044613179
9.5,4.0,0.0,-4.30611483437755,6.583314879451646,-0.9202730579671943,0.8,-1.0,0.000269865797638485,0.4357712252833246,1.2448696078436718,-175.80065349843414,-81.07561040744494,2459.2318737741175,220.01809469824045,20246.75055115161,0.739439616096342
9.583333333333334,4.0,0.0,-5.136798980178086,7.255103590778911,-0.6974619052534824,0.8,-1.0,0.041998853855318444,0.2843542472377901,0.24478247889013216,-171.5061780858694,-82.91064694744951,2439.508029058188,221.00470204119935,20288.90482670578,0.7418559290033239
9.666666666666666,4.0,0.0,-6.093331690960515,7.090394531367926,-0.23689876446820157,0.8,-1.0,0.05209432060665865,0.14840032848129545,-0.5317117564059552,-171.80818867612595,-84.01244888909756,2419.6170953371975,221.8353354028452,20329.08324070605,0.7437511352246551
9.75,4.0,0.0,-6.6178079121988596,6.24476090705213,-0.26986429424726804,0.8,-1.0,0.034816227005338186,0.03589074467517809,-1.0890523566670824,-176.12065439952613,-84.46348647078015,2399.5704234387877,222.567656194815,20368.092001647216,0.7453153115785142
9.833333333333334,4.0,0.0,-6.905428034471581,5.081207088033167,-0.201014076059991,0.8,1.0,0.006572215086646653,0.05610468571723098,-1.2334192869789968,176.4187275778618,-84.64778756054666,2379.379517503828,223.24502430570374,20406.53687865912,0.7466911351242884
9.916666666666666,4.0,0.0,-6.29742803631281,4.219488010866608,-0.592599290122096,0.8,1.0,-0.022834868678710877,0.11848448178229733,-0.23034957202702422,173.48572963128902,-84.97169235828835,2359.0562283351214,224.07465827063234,20447.418642593057,0.7485536310704125
10.0,2.0,-30.0,-5.979775236456772,4.121717797553505,-0.09509604773248043,0.8,-1.0,-0.03528137038669682,0.3027827568371756,0.5572292379312428,175.52398841748968,-85.89109242903025,2338.6099376513066,225.02287507651178,20490.247230702644,0.7507921219252395
10.083333333333334,2.0,-30.0,-6.338887388879359,4.678726305623429,-0.2956839825234697,0.8,-1.0,-0.031439085691101334,0.39030489212373676,-0.22777013975594515,174.53819658552442,-87.58374811977876,2318.043446176234,225.93245144677203,20532.726973083645,0.7528952294291748
10.166666666666666,2.0,-30.0,-6.278014102487244,5.03985454373331,-0.47963750600171456,0.8,-1.0,-0.02481101089070666,0.27359093349729685,-0.8559061995996119,139.8345956195069,-89.1197379385196,2297.3640136945637,226.7007014101836,20573.334924832,0.7545308306857003
10.25,2.0,-30.0,-5.872790684568521,4.7054244873687665,0.5606602686358174,0.8,1.0,-0.022599836720074484,0.11686901021234178,-0.2114774017539147,69.87232663537016,-89.03156511045529,2276.590009541765,227.46133045342472,20614.000008363215,0.7561341272922231
10.333333333333334,2.0,-30.0,-3.64629332346577,3.973091099951471,-0.18455778889226987,0.8,1.0,-0.019361769229317982,-0.07413875761618345,0.510898215216277,59.47088638265413,-88.90999135255099,2255.7265738451333,228.39363784208672,20657.36118235274,0.758285340332953
10.416666666666666,2.0,-30.0,-2.490139413392307,2.738702372879858,-1.0,0.8,1.0,-0.021000462280268306,-0.18481426746199922,1.043777704491166,100.15756206216825,-89.30418465366517,2234.771615616748,229.55055015285797,20704.224440158167,0.7611534817029358
10.5,2.0,-30.0,-2.464287809587827,1.6389695830521043,-1.0,0.8,-1.0,-0.03822567859016767,-0.0901083938209124,1.1187495901925975,176.37805828578337,-89.055625774219,2213.7140732975095,230.87365530615355,20753.766742492473,0.7645470441316474
10.583333333333334,2.0,-30.0,-3.7104201143035964,1.2151878656166801,-0.7427766892572114,0.8,-1.0,-0.05911069579049924,0.1364318095154308,0.08655439823493587,-155.43872212409585,-88.99459401762869,2192.5569178918004,232.0479029029528,20801.313995816774,0.7674489423963419
10.666666666666666,2.0,-30.0,-4.785595341322657,1.5284818188033598,-0.5807404604963009,0.8,0.3383746188493073,-0.061696209370166406,0.32123784737907557,-0.6698414510691411,-71.46831887423153,-89.55890485644495,2171.313363571921,233.06234678656924,20846.665411853246,0.7698262300813735
10.75,2.0,-30.0,-3.2490835623123977,2.3494286336653327,0.14893386366882327,0.8,0.7874776004731794,-0.05739281115893976,0.2974984789551612,0.1886283569637776,-12.082386321007142,-88.26128390134451,2149.988879930431,234.19356052250342,20893.935682560295,0.772570170809401
10.833333333333334,2.0,-30.0,-1.721505274293834,2.890994537766007,-0.3824489745838749,0.8,0.5311596357595222,-0.061353628172082446,0.09314939745958745,0.817335666834304,-9.669285570248297,-87.17548514236773,2128.575109820509,235.43182106321183,20943.00600452219,0.7756478811650576
10.916666666666666,2.0,-30.0,-0.6938327852358427,2.730709170713191,-0.10066100083236594,0.8,0.39808026381910555,-0.06893735255805923,-0.083646249967318,1.2090345238627789,-12.32652794401256,-87.0085562497044,2107.06307383022,236.8422021560021,20994.88474462092,0.7792664706862207
11.0,2.0,-30.0,-1.157410575576049,2.098437620044081,-0.19414495598388767,0.8,0.1618498242173741,-0.08129989950757376,-0.12627941797469958,0.8836366326457527,-19.07302989704776,-87.34014465989789,2085.44007668387,238.31287628020374,21047.925031200233,0.7830651614232439
11.083333333333334,2.0,-30.0,-1.804946669003283,1.1689156037324264,-0.26413990895839273,0.8,-0.10988330962495714,-0.09088740658017055,-0.16512498678860987,0.1938442379007579,-28.296242440723027,-87.83577598142416,2063.714474565402,239.633902434361,21098.940293204865,0.7863719516125668
11.166666666666666,2.0,-30.0,-2.2264980181631953,-0.06591814204042871,0.1979303477406289,0.8,-0.49694478679691967,-0.08418618570352317,-0.18757367020170926,-0.6356060844093091,-40.741588144440186,-88.61017591813277,2041.8996099391582,240.81594950608692,21148.053189380793,0.7892232707127519
11.25,2.0,-30.0,-2.5317711526491506,-1.3195283357869545,0.17925775426634577,0.8,-0.958724138674781,-0.04745539608183047,-0.11147679445533486,-1.2723879087533796,-55.305715854916016,-89.5895442558359,2020.0115488087267,241.7949356962501,21194.245190309488,0.7914168474710055
11.333333333333334,2.0,-30.0,-2.3921562180281652,-2.14174633269392,-1.0,0.8,1.0,0.019955165741598422,-0.03454365784520061,-0.9906980926784992,104.87741022300139,-89.3612226615026,1998.0698487092168,242.6239372496877,21238.275375901907,0.7931249556907757
11.416666666666666,2.0,-30.0,-2.7526298283909276,-2.2205040253134127,-0.8204438102265414,0.8,1.0,0.06748659132991582,0.17200082890203341,0.1467046856010039,88.37120920643139,-88.79199922540467,1976.0770176520587,243.53126936526112,21283.622911517272,0.7950764793763253
11.5,2.0,-30.0,-2.5522936307163326,-1.1312051521526283,0.14580408189802338,0.8,1.0,0.06971244715389285,0.45799965438386614,0.9818316313731181,42.38944801540023,-88.1018231645533,1954.0230427536965,244.59743505843718,21331.54929187429,0.7975262967778857
11.583333333333334,2.0,-30.0,-1.8984760497640936,0.8507526651801403,-0.038866115409153114,0.8,0.985309210435042,0.04625782877732438,0.5429677531773035,1.5267959666400994,17.756749406678807,-86.10677725171688,1931.8877554221153,245.95562129957585,21387.285990245848,0.8008950583675566
11.666666666666666,2.0,-30.0,-0.8790278754407245,2.798300934019573,-0.32286779509700625,0.8,1.0,0.024602851428757008,0.4113994437438324,1.8796856384779375,12.490593840379763,-83.89876356395425,1909.6529181724459,247.46026721151063,21455.705353938112,0.8047167094613655
11.75,2.0,-30.0,-0.11809667629931288,3.887942593046313,-0.00384669660341367,0.8,1.0,0.014098575415685679,0.1703619369547347,2.1239592325434056,13.483204445784114,-82.62031511441108,1887.3123805591108,249.03911646428813,21526.234665460266,0.808760267929464
11.833333333333334,2.0,-30.0,0.13957154351745713,4.097001284179578,-0.13990572350566366,0.8,1.0,0.003983050574442127,0.01637274791283977,2.3008568927872557,16.374787826755004,-82.46454443670241,1864.8525934386582,250.80278274856542,21601.82618728144,0.8133744698238214
11.916666666666666,2.0,-30.0,0.12705805052828212,4.11880904328361,-0.4865212768542627,0.8,1.0,-0.01793288494229511,0.01832279013636577,2.422877002242387,18.399363880044753,-82.73306177685235,1842.2546162009867,252.68224086216813,21680.676573576395,0.8183380559870759
12.0,2.0,-30.0,-0.22408354653558799,4.226607892060901,0.10009438049782157,0.8,1.0,-0.05111710551698363,0.03178910694470339,2.493810391885435,18.685405674201565,-83.09586682303284,1819.5159258294493,254.54665609289333,21759.324617107126,0.8232364282402815
12.083333333333334,2.0,-30.0,-0.1271629365038127,4.462594758826151,0.1490208730730141,0.8,1.0,-0.09035397403693447,0.03458511364015444,2.53055239332138,17.217210193868812,-83.46728286857329,1796.6374312824637,256.4053750901451,21838.021441211917,0.8280993230127042
12.166666666666666,2.0,-30.0,-0.08410484431742027,4.793958889308862,-0.378419869267507,0.8,1.0,-0.12811603596732446,0.02031364526609669,2.5481368541558402,14.624295587886337,-83.7896113437729,1773.6194371551276,258.2416146932835,21916.326211404503,0.8328740068851224
12.25,2.0,-30.0,-0.6393761608402375,5.135912826339054,-0.3915084040582864,0.8,1.0,-0.15674987241556207,0.005902209193261694,2.556993795429811,11.899468071704202,-84.06485782441291,1750.4631008429558,260.06520542652214,21994.502367352856,0.8375917618610065
12.333333333333334,2.0,-30.0,-1.1635464694624864,5.401024415859148,0.18536879221578886,0.8,1.0,-0.17223218523293918,-0.01176872804586982,2.5629931056274953,9.89693608210306,-84.3420518358217,1727.1696706697792,261.8442839398816,22071.707577942518,0.8421527394223289
12.416666666666666,2.0,-30.0,-0.9495944831472677,5.515278084751223,0.1883824333892531,0.8,1.0,-0.17450925033497688,-0.05348343816066678,2.5695346578491036,8.996005105735971,-84.70581930684378,1703.7415855015397,263.60485562044283,22148.632046949657,0.8466392043587059
12.5,2.0,-30.0,-0.5297641919670608,5.404329984355137,-0.3987441727133412,0.8,1.0,-0.16694775821760321,-0.11526721531696535,2.5771073902609527,8.95872405191532,-85.25198513208477,1680.179015555182,265.35607155341495,22225.522169011623,0.8510800955521356
12.583333333333334,2.0,-30.0,-0.8078260100383156,5.042429147061744,-0.236618210369327,0.8,1.0,-0.15565488681770176,-0.14854669876860266,2.584291772848114,8.820003799199924,-86.02797569511938,1656.4810329338104,267.13943644114244,22303.484748947278,0.8556054168687683
12.666666666666666,2.0,-30.0,-1.0218416095440093,4.6291327597821805,0.119855282677545,0.8,0.9495749407838976,-0.14676179906185824,-0.12240681938952662,2.588669837206947,6.3865441867187345,-86.83519089096343,1632.6455968519717,268.92844317359567,22381.82380000576,0.8601318857572018
12.75,2.0,-30.0,-1.0539198603432238,4.297238535759317,0.3545649359619124,0.8,0.6920601002096791,-0.14137594370749285,-0.10493866468993815,2.455888735980325,-0.518416854892085,-87.4614944351191,1608.6732092242064,270.6955863368455,22459.812518968563,0.8645736281476751
12.833333333333334,2.0,-30.0,-1.7468145609753576,3.8166708257164945,-0.1461648492400342,0.8,0.39460291536766223,-0.13707218041057706,-0.11565586404646529,1.6256965015046991,-10.379858944266555,-87.90448242234514,1584.5717248831095,272.3069917257685,22533.88572867088,0.868513837148487
12.916666666666666,2.0,-30.0,-2.6727160388121387,3.051441735829112,-0.21258537632006372,0.8,0.2399251610732922,-0.12985826054693067,-0.1268535062207582,0.8817617126962566,-18.20051390064097,-88.35639604581614,1560.354753299573,273.75172256379994,22603.731975129645,0.8719208362125428
13.0,2.0,-30.0,-2.598139650447062,2.1291182493751126,0.027864472417410708,0.8,0.23341932395975773,-0.11426856027810475,-0.12008033442868574,0.6017630314027821,-21.132801083526775,-88.9371684970368,1536.0359952452393,275.0957508346959,22671.084417192225,0.8750023289759559
13.083333333333334,2.0,-30.0,-1.6103692108052905,1.649450796373016,-0.2828237093218532,0.8,0.8826427227509688,-0.09121421095125413,0.018953811905265353,0.9933636915058988,-8.651808277513641,-89.30751045366591,1511.6164768622787,276.5652471184538,22741.96235391777,0.8784623137419534
13.166666666666666,2.0,-30.0,-1.308419646903848,2.0298104395996024,-0.47128444512463136,0.8,1.0,-0.06895344098097222,0.17161435202275405,1.5316179840522168,7.0570320855147735,-88.8920407730026,1487.084919350356,278.1905504392796,22817.198779636157,0.8823931356936727
13.25,2.0,-30.0,-0.26953264698254203,3.004470736713774,-0.40044433008967484,0.8,1.0,-0.044910258516445596,0.2090583167358307,1.9174422252171113,11.133773974419729,-87.87604398269359,1462.4291338243336,279.97157096662306,22896.81993311822,0.8867922974102755
13.333333333333334,2.0,-30.0,-0.22301932970945637,3.5304666017135813,0.14424001218472385,0.8,1.0,-0.015865704067129824,0.06062414599614736,2.2094640473057945,15.550796287820948,-87.22989796098172,1437.6397446471424,281.7818780930239,22977.477401944114,0.8912661938734444
13.416666666666666,2.0,-30.0,0.49918321120181447,3.3381191984755443,-0.48995913196808055,0.8,1.0,0.006199375876348046,-0.07987105246807163,2.440158854234612,19.92634262440617,-87.32497699364362,1412.7180015358329,283.5773710323668,23057.997925513588,0.8956782075124726
13.5,2.0,-30.0,0.15324576477513946,2.72250336102231,-0.21374740152758825,0.8,1.0,0.006785946253579657,-0.08722860092490163,2.6122707698768033,19.82082774941996,-88.00107785167046,1387.6654634761423,285.3670428310453,23138.62351303346,0.900056401614767
13.583333333333334,2.0,-30.0,-0.3510496061539317,2.440635656653354,-0.4387696402169124,0.8,0.47887578599819003,-0.01816614848089483,0.009542001938659648,2.5418822544793995,0.7928672478218353,-88.40888556877859,1362.4845047372103,287.12143242835845,23218.566535837963,0.9043100918566657
13.666666666666666,2.0,-30.0,-0.929054522545546,2.479698298770772,-0.16219644692069493,0.8,0.1077738747716932,-0.048310074217478724,0.009648154778374853,0.6762318763709524,-18.280735043489404,-88.08202042558256,1337.1818885735483,288.7529721446137,23295.473044413044,0.9081701296817847
13.75,2.0,-30.0,-1.916728798951624,2.0897150276828187,-0.27364056763597305,0.8,-0.06275106158559443,-0.06752048942101281,-0.07046284810985941,0.045227513969298826,-28.41788377861576,-88.00029823166462,1311.7686992649794,290.2287109345528,23368.438012263334,0.9115369237408271
13.833333333333334,2.0,-30.0,-2.506988976199965,1.2700857668138947,0.2344984186012704,0.8,-0.3507046913258778,-0.07329361040361165,-0.11218103552585683,-0.6939211904157032,-38.58024504051845,-88.32703798220574,1286.2598303144396,291.5466777407399,23437.37855649389,0.9144067424562086
13.916666666666666,2.0,-30.0,-2.0768339834706286,0.23256817623921675,0.20713333959368715,0.8,-0.6517838175093615,-0.05479023417082618,-0.12202864144191444,-1.5377581212239728,-48.82702931972975,-89.0465461887488,1260.6688850964904,292.7391932519356,23503.134266365734,0.9168811204659156
14.0,2.0,-30.0,-1.7262846039291544,-0.6977516225296282,-0.32848440548343544,0.8,0.4979078673178377,-0.005873587527873944,-0.09335765287167638,-2.0120301089495416,64.16108572013323,-89.92373145433376,1235.008523837185,293.7743442496686,23564.820054388812,0.9188639649932658
14.083333333333334,2.0,-30.0,-2.7621296572458056,-1.0810487628514482,-0.6717414368742372,0.8,1.0,0.04703955380315751,0.09284841741280342,-0.13642542437698835,99.51211451249061,-89.19959172723122,1209.289825497812,294.78168258077096,23625.89965046923,0.9207544906523124
14.166666666666666,2.0,-30.0,-2.5618379680539056,-0.23298335145291907,-0.010886405708421788,0.8,0.8466543951482794,0.05753773574516745,0.4061108212560205,1.1173626402297516,43.95022586756182,-88.6483130682167,1183.5086790454657,295.92246769891267,23690.728386705745,0.9230466605677659
14.25,2.0,-30.0,-0.8668087365451187,1.2988788682663663,-0.25375846863117546,0.8,0.9986058973799348,0.04276375136141777,0.3396827751893158,1.8708156016097348,17.566204825663174,-87.03001812931761,1157.6448836714835,297.35006773208914,23763.491783591388,0.9262074771600262
14.333333333333334,2.0,-30.0,0.433403582114696,1.9558205120607817,0.026336707035320293,0.8,1.0,0.027384563763526812,0.04361909742580346,2.3232584357656827,14.667383957802837,-86.18160160600239,1131.6859864046037,298.8550502075587,23838.5736165566,0.929593557672475
14.416666666666666,2.0,-30.0,0.9476429662119551,1.561061568483747,-0.10663069366063548,0.8,1.0,0.00462951853517805,-0.1357944164080715,2.592367723523168,15.804164713777212,-86.67190687225455,1105.6196122371018,300.5462858626077,23918.95227175125,0.9335359358796005
14.5,2.0,-30.0,0.8602053057010528,1.294457586262249,-0.3973527361934184,0.8,0.9782293873878505,-0.03823633550644974,-0.0031753660468585615,2.7201394277646744,10.329153509057434,-87.30787644058152,1079.4311288430958,302.29182271884827,24001.092853622897,0.9376297478965662
14.583333333333334,2.0,-30.0,-0.1801163041595443,1.7203509621046906,-0.13071064113276754,0.8,0.6412834442771485,-0.08562103665125283,0.0858924454578357,2.266319793268809,-0.3912991928921482,-87.13787695732796,1053.1226495292753,303.95508485264486,24081.291572186063,0.941458597109746
14.666666666666666,2.0,-30.0,0.2830438774377344,1.9240047834545548,-0.46122972428711806,0.8,0.6337307106318255,-0.112378076593108,-0.08033872507044346,1.8889309835573829,-5.036636791515409,-86.96651410876463,1026.7046403151453,305.5163821514136,24158.99194277705,0.9449639264230612
14.75,2.0,-30.0,-0.023345957358346298,1.502331657734938,-0.2820207603505349,0.8,0.6025858538789588,-0.12288450788965982,-0.16869249091835709,1.8223414146490535,-7.278816944183791,-87.48140008903435,1000.1812872982979,307.0746455381574,24236.87647063437,0.9484476672744244
14.833333333333334,2.0,-30.0,-0.3859764001325583,0.9630795105410177,-0.07374424457311382,0.8,0.6131802728568925,-0.12360468921946274,-0.10950037145764561,1.737110728246158,-7.812050199095439,-88.18811292481035,973.5547717170954,308.58923702199274,24313.835373201226,0.9517866060045085
14.916666666666666,2.0,-30.0,0.02702620877514556,1.0039397620706356,-0.5134989233628188,0.8,0.9380992496674216,-0.11473605726730274,0.01142797679077,2.03154483491324,-0.8079044526966273,-88.43422238080102,946.8219845782131,310.217636990363,24394.179536308155,0.9554587080606468
15.0,1.0,0.0,-0.7352288288016252,1.4978428049927275,0.3032701630790693,0.8,-1.0,-0.09302372141885565,0.10116356188533976,2.292768834294287,13.008121933180476,-88.17085395240278,919.9737391479314,311.88761198727855,24475.961545352624,0.9592436297305185
15.083333333333334,1.0,0.0,0.0968322662778756,1.9065607927248596,-0.49361655052269027,0.8,1.0,-0.05422058971324256,-0.0027479125445802302,1.9560375290871577,28.149527622959333,-87.67239590817886,893.0122012710661,313.5540936136642,24557.95110485984,0.9630047131950673
15.166666666666666,1.0,0.0,0.1568161291929379,1.6404097624708012,0.0808604267078698,0.8,1.0,-0.01503922343880297,-0.11457000229197387,2.3416102454732477,47.98066496442811,-87.67562598331881,865.9358907940507,315.22631027031537,24640.40786509149,0.9667698704789202
15.25,1.0,0.0,-0.028237481167672208,1.028059288126212,-0.0015304113116021562,0.8,1.0,0.005318226622680706,-0.07195987443603138,2.626243008789418,73.57580391897329,-87.95931675522657,838.746374113825,316.87256974502657,24722.460970397173,0.9704434448956378
15.333333333333334,1.0,0.0,-1.8541786929688358,1.0117695104779145,-0.4532607907951699,0.8,1.0,0.0020664085895364687,0.21392451571834878,2.816307357988443,83.10680279031787,-88.24157640029398,811.4487216399193,318.4348792463669,24802.501022493336,0.9738509839454101
15.416666666666666,1.0,0.0,-0.9096957122887437,2.1811630776828492,-0.10869506409019672,0.8,0.757046330973933,-0.002739414956352553,0.31974827136306117,2.9220716337426054,50.85275952993264,-88.00742811284407,784.0481733572692,319.9973684091,24882.84006449876,0.9772471501958606
15.5,1.0,0.0,0.7507724805029755,2.691548826735572,-0.493639126303352,0.8,1.0,0.01321972608279246,-0.06881247369829159,2.4991030419657494,42.18833502452693,-87.51121019458013,756.5433050557048,321.4944864947813,24961.665016572937,0.9804345254861152
15.583333333333334,1.0,0.0,0.10809080470841537,1.5823730863175727,0.009750155634263603,0.8,1.0,0.019727055389667028,-0.24719293626032648,2.7810211625344197,68.46996350664112,-88.37507152618205,728.9348219281466,323.085214805346,25043.38757216856,0.9838920345664448
15.666666666666666,1.0,0.0,-1.992128147171751,0.8487673278536434,-0.4119639274202838,0.8,1.0,-0.010079560506097547,0.11431898293894756,2.9381398861076082,116.44620234540872,-89.2310810588038,701.2247105448336,324.563457202944,25122.282425052796,0.9869995980859892
15.75,1.0,0.0,-2.997636276468332,2.1345664919637,0.3249028588692725,0.8,-1.0,-0.04758491534510189,0.46690133697296043,2.2558133014436423,-6.670874413870925,-88.92741193783944,673.4208338671804,325.97435580810117,25199.582565855915,0.9898941721545057
15.833333333333334,1.0,0.0,-2.8114713170202634,3.4362337657832294,0.01225248866494522,0.8,0.04325179884395412,-0.045000075365152235,0.17765819253409135,0.11513148709869382,-2.8904464398716434,-87.01942592197838,645.5260953596324,327.2792703845335,25274.19332366733,0.9924606309262506
15.916666666666666,1.0,0.0,-1.7958704834079726,2.5719104289595367,0.269693796821094,0.8,0.04435360993355191,-0.036688759887030846,-0.3470085905557755,0.06753545952901804,-0.7999834547031826,-87.28202783497119,617.5546987541378,328.4266646345689,25344.633031641075,0.9945461868852187
16.0,1.0,0.0,-2.100640507816386,0.37607533011092154,0.06500548067401236,0.8,0.3570686724240413,-0.027294798488813762,-0.3552091503100926,0.4729499656802233,7.668774425237853,-89.21739947711187,589.5163244111717,329.58115352035605,25415.489072031123,0.996645498874473
16.083333333333332,1.0,0.0,-2.070575305863312,-0.41453977327084546,-1.0,0.8,1.0,-0.028083723142772486,0.1236503004590008,1.573602758173507,125.72717513492836,-89.91294182046312,561.4064844029099,330.8285731876232,25489.189060116587,0.9990150409324221
16.166666666666668,1.0,0.0,-2.752526481055359,0.9033816724064602,0.22651110089500062,0.8,0.20194235074559527,-0.03491882017244871,0.45161827522528786,0.4226914337436634,2.691536351495805,-88.58485511613694,533.2166304820508,332.1702968732531,25568.271949777572,1.0016577436600176
16.25,1.0,0.0,-1.25574822838373,2.2213861449567815,-0.1022501111055338,0.8,0.2734487140153332,-0.01841523510769591,0.14287937871705458,0.8353194331908846,7.044825222119601,-86.78833752877928,504.94526425713303,333.47834906428625,25647.94062913452,1.0041907984674807
16.333333333333332,1.0,0.0,-0.07652370820573899,1.5484270110983376,-0.5770952941748311,0.8,0.5771614084742878,-0.0006493424623641962,-0.31308314567901663,1.3943996079075744,15.32653838701378,-87.07226104293775,476.6034789111883,334.71749000422443,25725.55064489465,1.006510037709009
16.416666666666668,1.0,0.0,-0.1480607783214745,0.004515645412190609,0.023306646642736687,0.8,1.0,-0.0017503770605601897,-0.22338214468771178,2.171262854630526,37.297699748222094,-88.58589570603998,448.17803098137085,336.16558280720386,25810.224355620394,1.0094435948039189
16.5,1.0,0.0,-0.748362237555949,0.010506172480123636,-0.2919809135880175,0.8,0.5632048419447009,-0.031845859107508714,0.21552025132646568,2.60086181385882,32.65942961014696,-89.02713311446738,419.6581364091307,337.6564751800475,25896.547200517623,1.0124948050491336
16.583333333333332,1.0,0.0,-0.9807852426028215,1.216355295642283,-0.07540953311026814,0.8,0.215613102094528,-0.04727960557988889,0.23101679535756983,0.29130169044365023,12.863137274806798,-87.88393789569699,391.04289437735974,339.13006334920397,25982.552644294898,1.0154846615413182
16.666666666666668,1.0,0.0,-0.27119702409459356,1.4084916479215774,0.033858397926412175,0.8,0.48294308923228146,-0.03881176801222821,-0.09301087554813296,1.2290078306307188,14.891885831281403,-87.49408522008255,362.34038731649815,340.5473619447794,26066.94745729421,1.0182978906098792
16.75,1.0,0.0,-0.12304088871281794,0.9106117923869402,0.11740583180522234,0.8,0.805282842114891,-0.03594876466044069,-0.07053406995975686,2.035863741196543,23.427070341847248,-88.02996764584964,333.5444438758582,342.0568878340742,26154.62773399563,1.0213759980119188
16.833333333333332,1.0,0.0,0.5964991751789345,0.7872630455345365,-0.39876557843975363,0.8,0.8410344895517929,-0.04348186023063859,-0.009262411772839707,2.5030050923529847,28.43199363346179,-88.36627086671339,304.65152770016493,343.59420014266664,26243.480544241836,1.0245265303713724
16.916666666666668,1.0,0.0,-0.9940131684966923,0.9624683252939745,-0.2382086897543835,0.8,0.6822462112555354,-0.054163830301793434,0.05502939325234675,2.3700859036817516,26.940547854048706,-88.41887961837509,275.6634573001027,345.02569009397826,26329.089733173085,1.027352466760973
17.0,1.0,0.0,-1.229306660063909,1.1735832205877705,-0.25113639236435703,0.8,0.7041791975656584,-0.05553707548732581,0.021845936802233196,2.068461716429674,26.115708209704003,-88.22393097515247,246.59350845054388,346.33534217574964,26410.893247479813,1.0298074134620556
17.083333333333332,1.0,0.0,-0.5260675754286521,1.1555028140467485,0.07300006716852203,0.8,0.9934359348805695,-0.051486418726258906,-0.028557231528242903,2.4801690327577792,32.0566680795604,-88.30258204625079,217.44148886898458,347.7499120856287,26496.382325989776,1.0325638801877006
17.166666666666668,1.0,0.0,0.5890237087883265,0.9979003005098236,0.1831365223763794,0.8,1.0,-0.050617326461724975,-0.07317928935926958,2.76173850614554,43.39844274161143,-88.6709240920772,188.1958604458809,349.28136795007606,26585.977143080156,1.0356556112946187
17.25,1.0,0.0,1.4526895047114738,0.7820116798890281,-0.517938328875209,0.8,1.0,-0.057301313036966305,-0.1009310204885626,2.917440348542604,63.53135760741889,-89.20595993135198,158.85288646346032,350.8286458510566,26676.33933363605,1.0387822881271112
17.333333333333332,1.0,0.0,-1.0904314846315808,0.7328997115043948,-0.4414788431108226,0.8,1.0,-0.07074062526135702,0.08135730784825274,2.9942088848248196,101.766780618197,-89.68879359088004,129.4139287469834,352.2871831471573,26763.994558259004,1.0416346776906282
17.416666666666668,1.0,0.0,-1.7317123231203366,1.7181063314526985,0.3130770064508114,0.8,-0.7211245877882582,-0.07553005078413458,0.23418224192419618,1.6421874528361373,5.265090641192885,-89.1474112834983,99.88775430992246,353.675451509679,26849.5346109401,1.0442683039100213
17.5,1.0,0.0,0.320006778589959,1.901457539228413,-0.5894918681713447,0.8,0.8585065347877208,-0.046280889285868376,-0.17671163763937164,1.2373258376925245,21.63549572995881,-88.64490214527208,70.27582621477247,355.0352266619337,26934.3387674727,1.0468068439550904
17.583333333333332,1.0,0.0,-0.6785597317164486,0.7929283276963796,0.03768776262776767,0.8,1.0,-0.025294539684723633,-0.18786031880167678,2.14297965352439,86.1697814460479,-89.3113656887483,40.575025976827746,356.49082465423436,27022.544062392506,1.049616186204237
17.666666666666668,1.0,0.0,-2.958127547569694,0.8158446739684692,-0.12035171571586545,0.8,1.0,-0.029440792416393247,0.3443338390253165,2.655614308856045,94.96120558880462,-89.57599021717593,10.791552963325381,357.8067875233109,27106.30634952229,1.0520031782551371
